seed,K,n,m,alpha,beta,G,price_term,fairness_term1,fairness_term2,objective,t,gap,status
0,2,5,5,0.0,0.0,0.08615887339874197,0.10084705412367417,8.262972754172931e-07,0.06598904942536943,0.0020340256650846537,2.4537689685821533,9.398439197100338e-05,optimal
0,2,5,5,0.25,0.25,0.04989841775378859,0.11314886871793009,6.946877575331991e-07,0.0272682966663238,0.0014661566500457231,2.207458019256592,9.950426504083925e-05,optimal
0,2,5,5,0.5,0.0,0.08637854275929484,0.10084729659967838,0.0,0.06620908343935916,0.0010170177231463501,2.3776321411132812,9.38049498081835e-05,optimal
0,2,5,5,0.0,0.5,0.041001885430360804,0.11990720876169789,6.905266633291242e-13,0.017020443677675967,0.0015826216227946097,1.485219955444336,7.861919247536808e-05,optimal
0,2,5,10,0.0,0.0,0.22170653581038346,0.8385655900811327,0.03858110298679064,0.03470286630076158,0.1406384497736237,60.00348496437073,0.018748807986401186,time_limit
0,2,5,10,0.25,0.25,0.1823581560970148,0.8391390121279513,0.019249024160255455,0.004905841591296811,0.07046776060432738,60.00383281707764,0.014866947911567131,time_limit
0,2,5,10,0.5,0.0,0.18753303775304173,0.8392467965125494,0.01759974836751427,0.01088380426677471,0.0705109563313076,60.00131797790527,0.0122080735874263,time_limit
0,2,5,10,0.0,0.5,0.1874755308000652,0.8391074450269493,0.026198336400212067,0.006554873594569299,0.07043161361388588,60.003138065338135,0.015539380465532836,time_limit
0,2,5,20,0.0,0.0,0.019051581318408024,0.030303409007939063,0.009235575704423597,0.008373111664608412,0.00018365931950048848,3.961353063583374,9.75268620084978e-05,optimal
0,2,5,20,0.25,0.25,0.01474254480599645,0.03100080672986584,0.009295753409234712,0.0038945067554059243,0.00011069817643788746,2.4394140243530273,2.424757166350289e-05,optimal
0,2,5,20,0.5,0.0,0.01919646766411257,0.030310377348275165,0.009214019920653585,0.008527382234130743,0.00011309643827403351,5.126975059509277,8.345315722029337e-05,optimal
0,2,5,20,0.0,0.5,0.013466099262235274,0.03148941197652153,0.00932848714580068,0.002503973294030626,0.00010229324779131907,2.579753875732422,0.0,optimal
0,2,10,5,0.0,0.0,0.21273877485587445,0.5956769519128261,0.047129635471469374,0.12960626192885716,0.035483103104015534,60.00082302093506,0.47384809698457664,time_limit
0,2,10,5,0.25,0.25,0.1257509863656182,0.6109722237746819,0.045963279926263215,0.04167212402501841,0.01936257227909563,60.00140595436096,0.5196837866580016,time_limit
0,2,10,5,0.5,0.0,0.2114371534696443,0.5957116905649341,0.04695334517316807,0.12838931182656688,0.018294775069524257,60.001981019973755,0.5101011830496526,time_limit
0,2,10,5,0.0,0.5,0.10960195072789175,0.6172104644509642,0.04583359138246499,0.02496410859156284,0.019359041230274418,60.00131607055664,0.5701375752200096,time_limit
0,2,10,10,0.0,0.0,0.07500199807300459,0.15223075497029698,0.013934701386416939,0.05281157188276642,0.0023174202758826598,60.00440692901611,0.027309964522635444,time_limit
0,2,10,10,0.25,0.25,0.03812656431133685,0.1620796539305032,0.010594647231811723,0.016621275302380667,0.0013965882278267833,60.00192999839783,0.038093356248895364,time_limit
0,2,10,10,0.5,0.0,0.07244849846737851,0.15243582464305283,0.01290381408446666,0.050753008960839896,0.0012034611362119977,60.003435134887695,0.37469783692640285,time_limit
0,2,10,10,0.0,0.5,0.03180915461851207,0.165809857765267,0.010462898954892856,0.009996719364538942,0.0014246126456335776,60.00284481048584,0.009350862289882834,time_limit
0,2,10,20,0.0,0.0,0.013911908578892688,0.031393942728734726,0.006716549261011494,0.007414239675513468,9.855796400550762e-05,60.00260901451111,0.5130154771375979,time_limit
0,2,10,20,0.25,0.25,0.009723244842474653,0.032687950027724594,0.005718231122329323,0.003595334278537532,6.074398189040472e-05,60.001163959503174,0.7980135815972821,time_limit
0,2,10,20,0.5,0.0,0.01265874687610052,0.031842151535869924,0.005726674788410097,0.006611194328308478,5.889483175471812e-05,60.001708984375,0.8485275147541914,time_limit
0,2,10,20,0.0,0.5,0.008886688628109967,0.03331279721493666,0.005999953720933384,0.0025554320461496083,5.875223938541876e-05,60.00285506248474,0.4666364926681575,time_limit
0,2,20,5,0.0,0.0,0.13529663521252866,0.48088386094028024,0.016550770828495497,0.1029770567512669,0.011562464385641541,60.002140045166016,1.0,time_limit
0,2,20,5,0.25,0.25,0.0524825720924851,0.4850059715700104,0.0004675170280984953,0.02799851499993533,0.00607677634353609,60.00330114364624,1.0000000000000182,time_limit
0,2,20,5,0.5,0.0,0.19301289425564033,0.5457339479747323,0.011269305346771868,0.1600915441835178,0.007477387860051891,60.002224922180176,1.0,time_limit
0,2,20,5,0.0,0.5,0.06380081853213956,0.8251674057831063,0.0450848964859685,0.0,0.017022531189170544,60.003108978271484,1.0,time_limit
0,2,20,10,0.0,0.0,0.11065826356716937,0.5906181099393483,0.0037719627035787385,0.07924137671841258,0.017441487589416407,60.00344491004944,1.0,time_limit
0,2,20,10,0.25,0.25,0.06234540612101373,0.4562540236764217,0.028014542867885326,0.025525433503249984,0.0054651821184174025,60.00253200531006,1.0,time_limit
0,2,20,10,0.5,0.0,0.37131616200288664,0.976578036663403,0.10485572541212046,0.27005939746365626,0.026591297330259177,60.05361318588257,1.0,time_limit
0,2,20,10,0.0,0.5,0.07804989701830004,0.8749837475534228,0.0330679491031937,0.017766735089032037,0.01929774239992772,60.00197696685791,1.0,time_limit
0,2,20,20,0.0,0.0,0.24075919484489974,0.7647047425572361,0.14339219425871003,0.13082786058768292,0.029238667164476435,60.00314903259277,0.9999999999999981,time_limit
0,2,20,20,0.25,0.25,0.03245553525800955,0.2707078225540818,3.410409065088662e-07,0.018919973609852203,0.001921559480163221,60.004080057144165,1.0,time_limit
0,2,20,20,0.5,0.0,0.07504452594254661,0.939414997128279,0.056147552172265316,0.0,0.022850650324472428,60.00480604171753,1.0,time_limit
0,2,20,20,0.0,0.5,0.027165087846895683,0.2933113421525217,2.904336964291625e-08,0.012499506217584777,0.0022289074137245616,60.003437995910645,1.0,time_limit
0,4,5,5,0.0,0.0,0.08636837837303807,0.12688576018285697,0.07884424460449224,0.04128016518534361,0.0032199992274362984,60.00293803215027,0.02938277324275476,time_limit
0,4,5,5,0.25,0.25,0.06943153130062626,0.13110445099519819,0.07784385454011368,0.023749677466558206,0.0022385786076205166,60.00172019004822,0.02064516754569722,time_limit
0,4,5,5,0.5,0.0,0.08557055653624662,0.12728427952121346,0.07763957071123291,0.0407038079541957,0.002373616648851507,60.0029821395874,0.03977274694017871,time_limit
0,4,5,5,0.0,0.5,0.06337440330313376,0.13472578829850418,0.07905841181292389,0.01666464269020196,0.0019539589612613873,60.00435209274292,0.011006972951330145,time_limit
0,4,5,10,0.0,0.0,0.14245375992159767,0.16548762712818205,0.12853904077983608,0.07722147430100224,0.0054772309465032434,60.004055976867676,0.4242572575759213,time_limit
0,4,5,10,0.25,0.25,0.10347046449036613,0.17731232005013578,0.12423015475560206,0.03695046179143846,0.0044498707502188695,60.0024631023407,0.4016667436123792,time_limit
0,4,5,10,0.5,0.0,0.13585655896952142,0.16584333463614082,0.1277588809963822,0.0707481717931977,0.004790692623504468,60.00343990325928,0.34219784876931236,time_limit
0,4,5,10,0.0,0.5,0.0930020784489584,0.18475334573352142,0.12309490691681528,0.025277682573050297,0.0037328604941049555,60.003374099731445,0.402022038002542,time_limit
0,4,5,20,0.0,0.0,0.1577569070576662,0.3214996684847451,0.0746062178018783,0.07480541891024761,0.020672407367160202,60.00306797027588,0.10948218404115727,time_limit
0,4,5,20,0.25,0.25,0.1305552929391937,0.3294993439321404,0.06284125169537229,0.04894511122892253,0.011702701675639067,60.00231099128723,0.15138103582660473,time_limit
0,4,5,20,0.5,0.0,0.15577393714998966,0.32248580381289904,0.06695279500752978,0.0745385776355274,0.0109600439610002,60.002094984054565,0.17607128572173786,time_limit
0,4,5,20,0.0,0.5,0.13388397575251848,0.3270751488915314,0.07846797471245882,0.04885195229609751,0.011891071923811837,60.00121998786926,0.13068977014527958,time_limit
0,4,10,5,0.0,0.0,0.1589618325828564,0.46247238968607973,0.115935877066117,0.08373062434771916,0.021388071122195318,60.002147912979126,0.9967541875520932,time_limit
0,4,10,5,0.25,0.25,0.1086740577793354,0.48608296148839936,0.12354906387178259,0.02917849566254982,0.01298070162372361,60.001737117767334,0.9264817962237688,time_limit
0,4,10,5,0.5,0.0,0.0831922157895118,0.3412250382454352,0.07388662557962328,0.030598055570062455,0.006504130516222867,60.0029661655426,0.9594289112925622,time_limit
0,4,10,5,0.0,0.5,0.09925996104964781,0.4895494675252699,0.1228825663144082,0.01958437271851876,0.012174707885102696,60.00413417816162,0.9201530660878884,time_limit
0,4,10,10,0.0,0.0,0.04843000716623515,0.13857731105981105,0.0859865074561608,0.013075649196213845,0.0019203671140567632,60.00316309928894,0.30957829145823523,time_limit
0,4,10,10,0.25,0.25,0.03683554012338992,0.14005415312287658,0.07766174581530999,0.0034146883572747644,0.0013606324871852488,60.00246787071228,0.3036150986511746,time_limit
0,4,10,10,0.5,0.0,0.05945339579132007,0.1977546259394918,0.01724338834788948,0.035367086110398516,0.001992511409237933,60.00337314605713,0.5253723056299879,time_limit
0,4,10,10,0.0,0.5,0.037726875105701156,0.13972527763477985,0.08194177376132004,0.003268903901893161,0.0009815005268657218,60.00177001953125,0.1759168554169487,time_limit
0,4,10,20,0.0,0.0,0.2174335338506786,0.30093639413568046,0.05758310942040896,0.1729441170820083,0.009056271331538562,60.004400968551636,0.8000444594474396,time_limit
0,4,10,20,0.25,0.25,0.07577911869236333,0.3413960732314354,5.871747130080767e-06,0.041638043432437266,0.006260995608267402,60.0022988319397,0.9468195553825538,time_limit
0,4,10,20,0.5,0.0,0.18555550253868283,0.3042256435263026,0.03436615063259699,0.14654140052790332,0.004775291147612441,60.005061864852905,0.8692235731966063,time_limit
0,4,10,20,0.0,0.5,0.061097470530378235,0.35201786962917536,4.7487048034641284e-09,0.0258956823802845,0.006531122209883444,60.00226879119873,0.8769253122685094,time_limit
0,4,20,5,0.0,0.0,0.12243661230686409,0.2694607035699158,0.02712670988418502,0.10218189965732205,0.003630453538419702,60.00231099128723,1.0,time_limit
0,4,20,5,0.25,0.25,0.04727274509420143,0.343967244778302,0.027931111178125217,0.023091605060755027,0.0031399013788076793,60.0035879611969,1.0,time_limit
0,4,20,5,0.5,0.0,0.10018165294462525,0.2706023542460164,0.007145593455621672,0.08486513686841901,0.0018370232913162922,60.00218200683594,1.0,time_limit
0,4,20,5,0.0,0.5,0.042903072463439405,0.3788691583925784,0.053512439624468486,0.010581504637693362,0.0036445300997262797,60.003621101379395,1.0,time_limit
0,4,20,10,0.0,0.0,0.13416149881858644,0.5869639484130138,0.06380649498783689,0.08886167765097652,0.017226333836829758,60.004672050476074,1.0,time_limit
0,4,20,10,0.25,0.25,0.05608750587815112,0.4516472330104038,0.06129074505966192,0.018182457962715448,0.0054170657359133585,60.005433082580566,1.0000000000000204,time_limit
0,4,20,10,0.5,0.0,0.10267480572415887,0.3870575335703798,0.0401584681627828,0.07328231200494417,0.0039469261779872976,60.002357006073,1.0000000000000282,time_limit
0,4,20,10,0.0,0.5,0.04898057908272092,0.4548556241614378,0.06132179374419765,0.010907349438599612,0.005231826106670139,60.004430055618286,1.0,time_limit
0,4,20,20,0.0,0.0,0.14603451731295225,0.9852374644969214,0.3486747521540941,0.00960395604958264,0.048534643072416124,60.007771015167236,1.0000000000000058,time_limit
0,4,20,20,0.25,0.25,0.11371807407659228,1.6289551203458155,0.129081272237206,0.0,0.06737874303016975,60.00751996040344,1.0000000000000033,time_limit
0,4,20,20,0.5,0.0,0.08713126543147359,1.2048807917364404,0.10754890337860627,0.0,0.03773928888462838,60.00667095184326,1.0000000000000058,time_limit
0,4,20,20,0.0,0.5,0.09991012302166197,0.8503920001996239,0.17053583843869405,0.014756563402007261,0.018188041931806658,60.00524592399597,1.0000000000000122,time_limit
0,8,5,5,0.0,0.0,0.04702579336978585,0.17159191101848217,0.07631636620858367,0.0031678653900164555,0.005888756785394941,60.00316905975342,0.013436661592094268,time_limit
0,8,5,5,0.25,0.25,0.04401169572326929,0.17184828031453667,0.07213905701973222,0.0006246575328954229,0.0031159070548302135,60.005021810531616,0.011725859984506742,time_limit
0,8,5,5,0.5,0.0,0.04326903013932384,0.17211079646102048,0.07077496677695794,0.0,0.003275281120987151,60.00346612930298,0.010557824257720852,time_limit
0,8,5,5,0.0,0.5,0.04496643823867135,0.17162227481052328,0.0757001750233709,0.0011794613986453317,0.0029461160857093245,60.00233006477356,0.009829600352994674,time_limit
0,8,5,10,0.0,0.0,0.3120773037999496,0.6447221989679313,0.37726637463642665,0.13597456717681,0.08313334276840895,60.00263500213623,0.000202829729769098,time_limit
0,8,5,10,0.25,0.25,0.21797797907374628,0.6542811506685628,0.3509972403897975,0.043247093891308985,0.04712593090581796,60.00204300880432,0.001022598293173289,time_limit
0,8,5,10,0.5,0.0,0.26547841099845915,0.6470833246079826,0.36308636165208424,0.09067595087035207,0.05011116452468123,60.00236201286316,0.002433329832915678,time_limit
0,8,5,10,0.0,0.5,0.20625795056560403,0.6567786929588091,0.34912388802558897,0.031261725970643583,0.04362447290779997,29.60452699661255,9.972199133554066e-05,optimal
0,8,5,20,0.0,0.0,0.10792487608691978,0.17156922505084032,0.06392401915352157,0.06562052868256152,0.005887199796909179,60.00311994552612,0.6641187415218424,time_limit
0,8,5,20,0.25,0.25,0.059259589123294786,0.17667233998434312,0.04454804493090207,0.0183566155100634,0.003267569414399335,60.00228190422058,0.6807210284005236,time_limit
0,8,5,20,0.5,0.0,0.08944498694118375,0.1696320191092733,0.05366442757074869,0.04881052967298549,0.003057494114864895,60.00133681297302,0.7373138067340292,time_limit
0,8,5,20,0.0,0.5,0.05562412471097392,0.17787129749978695,0.04335922399053109,0.014629962212200143,0.003270837744590974,60.00295090675354,0.6800955351904826,time_limit
0,8,10,5,0.0,0.0,0.1963234899397065,0.39868376597005417,0.1004905689924435,0.14389379221864562,0.015894874524806493,60.00333285331726,0.7769640617585735,time_limit
0,8,10,5,0.25,0.25,0.08007587035213311,0.4190252806899622,0.07063153226289862,0.029344400750274557,0.009150283173894663,60.003201961517334,0.8446438934272068,time_limit
0,8,10,5,0.5,0.0,0.16403677007142212,0.4027860349465217,0.10031960118226713,0.11121821642898655,0.008740830896232602,60.002338886260986,0.8526896114440068,time_limit
0,8,10,5,0.0,0.5,0.06567877212242913,0.42538103109,0.06533528498119244,0.014973758390780079,0.009159557800732304,60.00350213050842,0.9899408124043498,time_limit
0,8,10,10,0.0,0.0,0.17684542329165248,0.36578837153844673,0.08500924051910964,0.12964043107291912,0.013380113275274875,60.00349497795105,0.8161565853863259,time_limit
0,8,10,10,0.25,0.25,0.07884279234591667,0.3917331245867583,0.02995176027120152,0.03592550985334064,0.008023437232710338,60.003401041030884,0.9953450628359642,time_limit
0,8,10,10,0.5,0.0,0.16115134875346315,0.3704925782390036,0.048010155897524665,0.11810082144237222,0.00700729846834075,60.001874923706055,0.7915347037163595,time_limit
0,8,10,10,0.0,0.5,0.07341782437017573,0.39903000326952803,0.0770506751203497,0.023883489653179213,0.008246457714470736,60.004303216934204,0.8421545884259685,time_limit
0,8,10,20,0.0,0.0,0.24954347345762698,0.5050084851367185,0.2824620335730237,0.16373487074732718,0.025503357006008323,60.005717039108276,0.9997476567467481,time_limit
0,8,10,20,0.25,0.25,0.09277610393848179,0.46517883868890775,0.06930864055819703,0.03759463999981638,0.011323022076627784,60.00474500656128,0.9999997771019002,time_limit
0,8,10,20,0.5,0.0,0.15124085695191758,0.5106203230469631,0.18728059078216025,0.07676875079945122,0.015228781945661435,60.0037579536438,0.9999061685082928,time_limit
0,8,10,20,0.0,0.5,0.1102379746755684,0.5294320387115206,0.18379809009545295,0.03432000954248471,0.01460384570820997,60.003987073898315,0.9999973611081229,time_limit
0,8,20,5,0.0,0.0,0.07561421873350255,0.13055893467165544,0.047685981548004075,0.06312552430641927,0.0008522817711298797,60.00526809692383,1.0000000000002525,time_limit
0,8,20,5,0.25,0.25,0.047147121390523614,0.27683931751664087,0.1090627615365569,0.019672310322621955,0.002384459077496243,60.00588393211365,1.0000000000000466,time_limit
0,8,20,5,0.5,0.0,0.14350041177496503,0.3872581204959885,0.10944905860209833,0.11045637342490333,0.004497914824057486,60.00548195838928,1.0000000000000246,time_limit
0,8,20,5,0.0,0.5,0.018140432219732147,0.16205396610093725,0.005306208726627715,0.009374457823856819,0.0007004774279717283,60.00583815574646,1.0,time_limit
0,8,20,10,0.0,0.0,0.15377081468578313,0.5866495181213179,0.09346899156801865,0.11275471483371491,0.017207882855598728,60.0045120716095,1.0000000000000129,time_limit
0,8,20,10,0.25,0.25,0.07213229006330679,0.930060891539404,0.20503396389069276,0.0,0.022939047997674582,60.005794048309326,1.0000000000000049,time_limit
0,8,20,10,0.5,0.0,0.05987812181889503,0.9617688034445735,0.09431745317333076,0.0,0.023680967155299132,60.00587511062622,1.0,time_limit
0,8,20,10,0.0,0.5,0.06909028722522795,0.8585546299935898,0.2093004458043877,0.0,0.018427901317085747,60.01664614677429,1.0,time_limit
0,8,20,20,0.0,0.0,0.17184814266387638,0.6669817405365628,0.1352368628999036,0.1215944477745603,0.02224323211045914,60.00520896911621,1.0000000000000056,time_limit
0,8,20,20,0.25,0.25,0.20089267821758083,1.3483545195745048,0.17496741758546694,0.11160402504067224,0.04952203727576107,60.00544095039368,1.0000000000000022,time_limit
0,8,20,20,0.5,0.0,0.19270193746180925,0.7403220648390403,0.1155453053175869,0.14124267105515886,0.014536338840996903,60.00868511199951,1.0000000000000075,time_limit
0,8,20,20,0.0,0.5,0.08484908978562611,0.7405610833735493,0.16454445953643512,0.02725297817489425,0.014082130364885759,60.00730490684509,1.0,time_limit
1,2,5,5,0.0,0.0,0.20170992273488725,0.39466707926056394,0.017774936298095782,0.11388903873372658,0.031152420690412852,55.78087091445923,9.99725884761364e-05,optimal
1,2,5,5,0.25,0.25,0.14338805295034918,0.4046585234500971,0.021200949311533726,0.051855873604562897,0.017103294998368157,60.00746297836304,0.0002896574655679694,time_limit
1,2,5,5,0.5,0.0,0.2026362663380095,0.39473524816732974,0.016415206056986806,0.11548161367605014,0.015648956362045677,60.007713079452515,0.00016491122155489415,time_limit
1,2,5,5,0.0,0.5,0.12710688887324745,0.41134388836885327,0.02324703869943408,0.03321459184975972,0.017471984005713825,41.595824003219604,9.990273008217841e-05,optimal
1,2,5,10,0.0,0.0,0.012619009492809722,0.056037594247193255,0.0028229812867421426,0.0,0.0006280423938026134,14.719027996063232,0.0,optimal
1,2,5,10,0.25,0.25,0.012469389166266175,0.056033809630840696,0.0025252544801960732,0.0,0.00031477589594824837,19.25365686416626,0.0,optimal
1,2,5,10,0.5,0.0,0.012372852625611884,0.05604933365137206,0.002325971790674941,0.0,0.0003155053164690368,14.04921293258667,5.9165478078296745e-05,optimal
1,2,5,10,0.0,0.5,0.012601183076009477,0.0559724968043279,0.0028133674302877926,0.0,0.0003132920398510497,7.649290084838867,0.0,optimal
1,2,5,20,0.0,0.0,0.019212540507073977,0.02367261886595601,0.009800212638447223,0.009577910414659163,0.00011207857679456329,19.9531409740448,9.937893947807468e-05,optimal
1,2,5,20,0.25,0.25,0.01522535358384309,0.024951547655638194,0.009175118071140761,0.005647485017145071,8.075434374829962e-05,60.00487303733826,0.00014387203228712016,time_limit
1,2,5,20,0.5,0.0,0.0185774719698115,0.024062958855689646,0.008964613781565682,0.009282573307890729,7.799367395222062e-05,21.465254068374634,9.89094416875623e-05,optimal
1,2,5,20,0.0,0.5,0.014051868530919037,0.025918140490524638,0.00953850900907786,0.004098985928275178,7.557584346875623e-05,32.21116614341736,9.830530060175852e-05,optimal
1,2,10,5,0.0,0.0,0.07824510180167227,0.10384437798383662,1.1582785930004006e-07,0.06786060608935895,0.0010783654838849932,60.00369310379028,0.7004826793655036,time_limit
1,2,10,5,0.25,0.25,0.029870331791694297,0.12327165879566121,1.4104137259162188e-06,0.017542460705265217,0.0008367295752592979,60.005094051361084,0.021230330413848784,time_limit
1,2,10,5,0.5,0.0,0.07819941497405675,0.10384351886250962,4.2530223999984965e-07,0.06781485043668578,0.00053917382053264,60.00513005256653,0.7662711556322744,time_limit
1,2,10,5,0.0,0.5,0.022999547835271986,0.1288214325753288,1.6897670060403252e-06,0.010116559694236082,0.0008809204645615202,15.808607816696167,9.92628243579366e-05,optimal
1,2,10,10,0.0,0.0,0.07552644613808854,0.20106922523567694,0.0037238211877956826,0.05355761302062301,0.004042883333687539,60.00321578979492,0.3268313821513493,time_limit
1,2,10,10,0.25,0.25,0.0406868171354445,0.21444702768614368,0.003277991113332346,0.017603118810163965,0.002378186985349657,60.003517866134644,0.38786436956104414,time_limit
1,2,10,10,0.5,0.0,0.07488507833673777,0.20107932369022055,0.003491200295719382,0.05303154581985603,0.0020246918406620325,60.00328993797302,0.35896383443347857,time_limit
1,2,10,10,0.0,0.5,0.03550363684634045,0.21411265964485127,4.518616346629045e-09,0.014092368622547147,0.0023915089777064714,60.00271391868591,0.2144818497166406,time_limit
1,2,10,20,0.0,0.0,0.08135004839655935,0.17839804655975958,0.02182454504875985,0.052597971216203465,0.003182586301633815,60.001096963882446,0.07825269547609476,time_limit
1,2,10,20,0.25,0.25,0.04173614149362413,0.1879208309616446,0.007985780054949333,0.018951168369985005,0.001863470216498384,60.0032958984375,0.11353884886381901,time_limit
1,2,10,20,0.5,0.0,0.06985905138156928,0.17986583023479125,0.01350485843057822,0.04512003914280105,0.001663181144610027,60.00261402130127,0.05307840163013773,time_limit
1,2,10,20,0.0,0.5,0.03493424814570616,0.1918238987439224,0.007125854251740387,0.012188931145443727,0.0019141054277001133,60.00366687774658,0.6227882527804695,time_limit
1,2,20,5,0.0,0.0,0.3700651761636671,0.4622926242044386,0.2897537836900979,0.2020736531083962,0.010685723519691315,60.00209712982178,1.0000000000000209,time_limit
1,2,20,5,0.25,0.25,0.07502025955843745,0.633805133441233,0.048656560501465766,0.019001722635642926,0.010428922655171055,60.00201606750488,1.0000000000000107,time_limit
1,2,20,5,0.5,0.0,0.16177634690225345,0.6180235312531622,0.05301227744145308,0.10436903161886879,0.01025140251944811,60.001209020614624,0.9999982407958766,time_limit
1,2,20,5,0.0,0.5,0.15912091843454926,0.508414340638007,0.24387704917096717,0.011761676817165334,0.0065312970649352075,60.00220608711243,1.0,time_limit
1,2,20,10,0.0,0.0,0.10687161628639671,0.42000763146421455,0.010080748234502598,0.0808308605959347,0.008820320524408972,60.00223684310913,1.000000000000025,time_limit
1,2,20,10,0.25,0.25,0.038411624822395116,0.4312267871996469,6.76956035950979e-07,0.016849946984394792,0.004719893728364752,60.002108097076416,1.0000000000000235,time_limit
1,2,20,10,0.5,0.0,0.09939715555299297,0.4203865288945674,0.007004899559122468,0.07487537932870336,0.0044303879963589225,60.002063035964966,1.000000000000025,time_limit
1,2,20,10,0.0,0.5,0.03141733049811883,0.4342185325134849,1.2122479761487966e-10,0.009706403811832187,0.004760750486933284,60.00241494178772,1.0,time_limit
1,2,20,20,0.0,0.0,0.027907902595429232,0.5239098029588023,0.0034248248949782303,0.0,0.013724074081816555,60.00446105003357,1.0000000000000162,time_limit
1,2,20,20,0.25,0.25,0.06448498106770334,0.46786572282668515,0.03872015386263246,0.021731617995052854,0.005777930459467383,60.00566792488098,1.0000000000000193,time_limit
1,2,20,20,0.5,0.0,0.027822422778619748,0.5239382428666309,0.0032510212705764026,0.0,0.006865424343279754,60.00175380706787,1.0000000000000162,time_limit
1,2,20,20,0.0,0.5,0.07319213492087406,0.9640723508662964,0.04997703475511848,0.0,0.023235887442621686,60.00297212600708,1.0,time_limit
1,4,5,5,0.0,0.0,0.02229836556922694,0.03510057425416548,0.0024298973275320972,0.01467077638651082,0.000246410062594437,17.63062810897827,9.933449929269087e-05,optimal
1,4,5,5,0.25,0.25,0.015061122735892593,0.03689094436183081,0.0010016324816406858,0.007432525743116258,0.00014996749154805848,60.00516200065613,0.00011825073238528796,time_limit
1,4,5,5,0.5,0.0,0.021632746314297804,0.03511845447496352,0.0017434642599200058,0.0141731893543251,0.00012371054292421084,36.483810901641846,9.960988875318091e-05,optimal
1,4,5,5,0.0,0.5,0.013007783351668075,0.038261937568709846,0.0011311978530490615,0.00507259637466384,0.00015926320364131137,15.95029616355896,9.971369594652877e-05,optimal
1,4,5,10,0.0,0.0,0.03409368842757637,0.05502513121571271,0.03215349749468772,0.015050287810761898,0.0006055530130612803,60.00116491317749,0.0330575878781952,time_limit
1,4,5,10,0.25,0.25,0.02689359500117024,0.05653278586883913,0.031037453232892833,0.007827674519179206,0.00039512142885275416,60.00226402282715,0.05131948024771646,time_limit
1,4,5,10,0.5,0.0,0.0328694944726906,0.05545124112494725,0.03100252934999597,0.014028613910202159,0.00042762861749187436,60.00108313560486,0.07403855263707312,time_limit
1,4,5,10,0.0,0.5,0.024865577081790054,0.057440580257113884,0.031457500304757594,0.0055130859541778765,0.0003451390843964709,60.00279903411865,0.09579030093972957,time_limit
1,4,5,20,0.0,0.0,0.04386496091000425,0.06924361218575437,0.03944542152009002,0.020154883092830866,0.0009589355657062302,60.002623081207275,0.07088045896748257,time_limit
1,4,5,20,0.25,0.25,0.03254240628771564,0.07220238673989782,0.02967306867795436,0.010683661770247488,0.0006048843100969515,60.00221490859985,0.08509754534610893,time_limit
1,4,5,20,0.5,0.0,0.03819535300871407,0.07173859679606709,0.02778350045536038,0.01690175853566056,0.0006111329892209951,60.002208948135376,0.12577084566387187,time_limit
1,4,5,20,0.0,0.5,0.03153800456353356,0.07270757469703029,0.034734749859307475,0.008312802159300636,0.0005631904817022606,60.00146794319153,0.0416306390640686,time_limit
1,4,10,5,0.0,0.0,0.03600239998741273,0.05417916851898401,0.023744074468283364,0.02464846451844349,0.0002935382301408468,60.00258207321167,0.6665633640107834,time_limit
1,4,10,5,0.25,0.25,0.020069651664397607,0.06245561571455043,0.012325009617631982,0.010742837688534568,0.00023338145349439973,60.002445220947266,0.7621070549210714,time_limit
1,4,10,5,0.5,0.0,0.03239331878428593,0.05658726488760535,0.012517174053915453,0.023605298782046535,0.00017969088316000244,60.00222206115723,0.6568128688213172,time_limit
1,4,10,5,0.0,0.5,0.01708939824018444,0.06584544438095621,0.013665850861783069,0.007088391086643053,0.00024190377138488025,60.00147604942322,0.8094630239902887,time_limit
1,4,10,10,0.0,0.0,0.18405282061592182,0.5911709458429207,0.05972565148788803,0.11000431315965775,0.03494830872088136,60.00136995315552,0.771725713504201,time_limit
1,4,10,10,0.25,0.25,0.1063573820302352,0.6020594715993819,0.05383667580690808,0.032692265918569996,0.0185721256587201,60.002220153808594,0.7134037731176763,time_limit
1,4,10,10,0.5,0.0,0.1850280804830634,0.5922956035904143,0.047063279832460087,0.11403270016590694,0.01781757314020022,60.00268197059631,0.7863590671148173,time_limit
1,4,10,10,0.0,0.5,0.09488761533630677,0.6057963978051419,0.060031118392445154,0.019300195957681288,0.018535712561686738,60.002289056777954,0.7061537834458111,time_limit
1,4,10,20,0.0,0.0,0.05621679660525664,0.1221374653442478,0.09176333176333853,0.02106221712999723,0.0014917560440717334,60.004040002822876,0.7019947177257542,time_limit
1,4,10,20,0.25,0.25,0.041104256318465676,0.13050671811681458,0.0841904881317258,0.007005962473852767,0.0013068734444684846,60.00330901145935,0.8227228869740589,time_limit
1,4,10,20,0.5,0.0,0.051292799831510034,0.1295993977250725,0.08153914546820333,0.01794807369195195,0.0016708792249956795,60.00379014015198,0.9990764861039477,time_limit
1,4,10,20,0.0,0.5,0.04124513074808873,0.12033661484433661,0.09157507118683098,0.006317701466947323,0.000744001719522445,60.001407861709595,0.40588706650504813,time_limit
1,4,20,5,0.0,0.0,0.2617468709088831,0.5143552309218435,0.1552009482912482,0.19722887228997887,0.013228065178833152,60.00325012207031,1.0000000000000089,time_limit
1,4,20,5,0.25,0.25,0.05684252716540505,0.39241226404552054,0.033576063389384916,0.02882789811578279,0.004127906053822272,60.00398802757263,1.0000000000000269,time_limit
1,4,20,5,0.5,0.0,0.13058888531645824,0.3624490937036366,0.023325219524472304,0.10663512575015832,0.0033522418713977918,60.00502610206604,1.000000000000033,time_limit
1,4,20,5,0.0,0.5,0.06151321388135235,0.4506767984521677,0.10930697599477539,0.01165262996005012,0.0051456313090703235,60.002766847610474,1.0,time_limit
1,4,20,10,0.0,0.0,0.05010761466767647,0.606697831948003,0.07909089228110529,0.0,0.018404112964520363,60.002272844314575,1.0000000000000109,time_limit
1,4,20,10,0.25,0.25,0.0683156566047936,0.630410086845129,0.08387598027461342,0.015826157193883805,0.010437737506972666,60.00381016731262,1.0000000000000107,time_limit
1,4,20,10,0.5,0.0,0.11652689640028338,0.5247234121315564,0.03133161956020821,0.0824578209036535,0.007006075279007782,60.00425410270691,1.0000000000000158,time_limit
1,4,20,10,0.0,0.5,0.037437109010423734,0.4056201609179472,0.011773949087554648,0.01421261369263771,0.004214192067565611,60.00314497947693,1.0,time_limit
1,4,20,20,0.0,0.0,0.2137080654930011,0.6912307573785381,0.09056456585415044,0.15650538616053655,0.023889997997305373,60.00505185127258,1.0000000000000082,time_limit
1,4,20,20,0.25,0.25,0.05342820189792083,0.3914593143023558,0.02665317524112068,0.02719194237252287,0.004060259785751533,60.007006883621216,1.0000000000000273,time_limit
1,4,20,20,0.5,0.0,0.36315942303256754,0.9286215666442368,0.02730524468754399,0.3099020335284697,0.02165164739935075,60.0049409866333,1.000000000000005,time_limit
1,4,20,20,0.0,0.5,0.04374623315271414,0.39937620006875196,0.0293297960524756,0.016444974136157642,0.004122752316703343,60.005123138427734,1.0,time_limit
1,8,5,5,0.0,0.0,0.15927762771694007,0.22379639040562785,0.07426402000987294,0.10523534713458038,0.010016964871717639,60.000877141952515,0.0020538686768907712,time_limit
1,8,5,5,0.25,0.25,0.08571318086933775,0.2377207943862607,0.0006086470232720525,0.038092941114176604,0.006013897225645483,60.00168490409851,0.0006841965737475735,time_limit
1,8,5,5,0.5,0.0,0.13816214641229763,0.22568722510423056,0.033744028191617946,0.08880669786749928,0.005164638572437058,60.002782106399536,0.0014780622699476756,time_limit
1,8,5,5,0.0,0.5,0.07424897012459027,0.24352174147273345,4.763468669219258e-06,0.025544026396459918,0.006256532499262803,51.15652585029602,9.969609790491782e-05,optimal
1,8,5,10,0.0,0.0,0.21447662767625691,0.32437759048576426,0.05501591283652528,0.14272412047453842,0.02104416424187004,60.00328087806702,0.0014976861641939352,time_limit
1,8,5,10,0.25,0.25,0.11718252680189994,0.341503908388512,0.012680060044149802,0.04729673761867881,0.012226761789390559,60.00235199928284,0.0009624598110232183,time_limit
1,8,5,10,0.5,0.0,0.20234680267319674,0.3247951958569862,0.04552292965231621,0.13169739729525998,0.01067871299543591,60.0025999546051,0.002069042939835652,time_limit
1,8,5,10,0.0,0.5,0.1020226140132701,0.3478463198769434,0.008696368917384184,0.03136630392320838,0.012591628736094823,60.001418113708496,0.0008746396046968234,time_limit
1,8,5,20,0.0,0.0,0.01779491217703065,0.05011565777466354,0.01645642897773764,0.005714726999880737,0.0005023158308374389,60.00238800048828,0.08820063354320956,time_limit
1,8,5,20,0.25,0.25,0.01502527110321537,0.05031081905687806,0.01657628776484068,0.002891071321234673,0.00026379409089047156,60.003605127334595,0.2743839598778852,time_limit
1,8,5,20,0.5,0.0,0.017961828171850436,0.05012446326661841,0.016362292344557855,0.00589164897545702,0.0002679789699497063,60.00244092941284,0.3435686546267505,time_limit
1,8,5,20,0.0,0.5,0.014160142718778856,0.05044485035565618,0.016674642644138482,0.0019868423171303107,0.0002564420639370244,60.002026081085205,0.03234047271550223,time_limit
1,8,10,5,0.0,0.0,0.189350285863132,0.47628747390578935,0.09476562822334841,0.1298758349446345,0.022684975779955797,60.00211715698242,0.8878270251849594,time_limit
1,8,10,5,0.25,0.25,0.08576519748914202,0.4775034019298896,0.07371929733560294,0.028799945129202698,0.011777663365081377,60.00304889678955,0.9989443710975703,time_limit
1,8,10,5,0.5,0.0,0.13864434524242225,0.4222216513555939,0.09447616839647272,0.08461265905730375,0.009471415293352152,60.00288200378418,0.8793228170137312,time_limit
1,8,10,5,0.0,0.5,0.07688158987450391,0.4385768276087736,0.09080266876349165,0.021673573518190103,0.009852353580292992,60.0018310546875,0.8759066533748205,time_limit
1,8,10,10,0.0,0.0,0.26779761314159223,0.37888776269788527,0.3719488864032729,0.1834152260713946,0.014355593672220902,60.00475001335144,0.9994269782017638,time_limit
1,8,10,10,0.25,0.25,0.11124593279227082,0.41981050578887164,0.3233669604568837,0.02884401215627319,0.012287730770200837,60.00207185745239,0.9999559683678918,time_limit
1,8,10,10,0.5,0.0,0.22008582755295975,0.4543201963821464,0.33605413963175795,0.13264704046077536,0.017378616089763172,60.00412392616272,0.9998352762017464,time_limit
1,8,10,10,0.0,0.5,0.10419575897102404,0.42340290179628526,0.32112620651719254,0.02171469297674644,0.009199264808012919,60.00235414505005,0.888417779436624,time_limit
1,8,10,20,0.0,0.0,0.19695379973692165,0.6731285657540527,0.2317763267938858,0.10066890231228065,0.045310206603410806,60.005096197128296,0.9996482493451849,time_limit
1,8,10,20,0.25,0.25,0.14389948268537303,0.8692688088425434,0.07612990900561861,0.04745636317541635,0.038525557297948584,60.00295090675354,0.9998616109585765,time_limit
1,8,10,20,0.5,0.0,0.16587326454172344,0.6742433673312838,0.22394903978055242,0.070455297836026,0.02586477919567589,60.006012201309204,0.9998591427233832,time_limit
1,8,10,20,0.0,0.5,0.11064657296601063,0.6842646779187557,0.21179093507144986,0.01574623829020383,0.02353487948250886,60.00719618797302,0.99974577520446,time_limit
1,8,20,5,0.0,0.0,0.16452987556794685,0.7231071116524491,0.10076782697574807,0.11577854161335588,0.02614419474611738,60.00581693649292,1.0000000000000084,time_limit
1,8,20,5,0.25,0.25,0.10663538519542601,0.9856342307628317,0.45882938925827527,0.0,0.030865758685258537,60.00623393058777,1.0000000000000036,time_limit
1,8,20,5,0.5,0.0,0.13884294119115276,0.6606077001827801,0.145352272564883,0.08764352211140336,0.012230518534755553,60.00439500808716,1.000000000000009,time_limit
1,8,20,5,0.0,0.5,0.07950012776655302,0.8179902983777171,0.2931253179352116,0.0019599481057657187,0.016729623904290315,60.00304412841797,1.0,time_limit
1,8,20,10,0.0,0.0,0.2101142070514348,0.29426472783928825,0.1239254947797885,0.1799102838119968,0.00432958650251652,60.00770401954651,1.0000000000000513,time_limit
1,8,20,10,0.25,0.25,0.046234811606386844,0.3514741313745814,0.043720775845340724,0.02319600805699018,0.003282599893099105,60.0079460144043,1.0000000000000338,time_limit
1,8,20,10,0.5,0.0,0.14849587214774107,0.27521548621001224,0.1081791820284161,0.12121270008368845,0.0026250100602664105,60.0094039440155,1.0000000000000422,time_limit
1,8,20,10,0.0,0.5,0.09474969325595525,0.6657401785443422,0.4077962689046428,0.010488150715657785,0.011135250285923493,60.00534677505493,1.0,time_limit
1,8,20,20,0.0,0.0,0.2062514614293644,0.7803414219325945,0.1742170898493586,0.14545725410156485,0.03044663673918917,60.00911617279053,1.0000000000000135,time_limit
1,8,20,20,0.25,0.25,0.09037526739723903,0.8173150868195825,0.06334400795173029,0.04159151206229361,0.01725795172696043,60.00716686248779,1.0000000000000129,time_limit
1,8,20,20,0.5,0.0,0.2454500025754897,0.841809827751864,0.12434475717225432,0.18781641654136472,0.018682445817254756,60.00578212738037,1.000000000000012,time_limit
1,8,20,20,0.0,0.5,0.10219364670479006,0.9319821461271043,0.14468219451156997,0.0375092650844886,0.022418240501081297,60.009188175201416,1.00000000000001,time_limit
2,2,5,5,0.0,0.0,0.14092038632504617,0.44995728076649855,0.08419536711417411,0.008831246614659394,0.040492310902956324,20.225854873657227,9.95806320383863e-05,optimal
2,2,5,5,0.25,0.25,0.13011395792852617,0.45041908266837005,0.0800602827897043,0.0,0.021088941113227528,33.50515604019165,9.99739072810771e-05,optimal
2,2,5,5,0.5,0.0,0.1284923424170733,0.45163151690072684,0.07633207807385585,0.0,0.021853749241573458,60.00253510475159,0.00019616537784447778,time_limit
2,2,5,5,0.0,0.5,0.13382081509422403,0.4500331866400396,0.08286536280694201,0.0023814963627450947,0.02025582267020176,20.53389811515808,9.940254789735705e-05,optimal
2,2,5,10,0.0,0.0,0.09363436308792758,0.11062169487199433,3.122099964391447e-09,0.07151002255247874,0.0024474318752705235,1.6924290657043457,7.918558322065411e-05,optimal
2,2,5,10,0.25,0.25,0.05404098072882736,0.12401833501325024,1.6414044880654844e-10,0.029237313644107088,0.0017517598692268499,1.5857911109924316,8.8911931903955e-05,optimal
2,2,5,10,0.5,0.0,0.0938798248082732,0.11062169076018463,2.0342287511795302e-07,0.07175538494479872,0.0012237158466745371,4.567087888717651,9.747116078998613e-05,optimal
2,2,5,10,0.0,0.5,0.04461250587375659,0.1310857135633483,3.0255527951083716e-07,0.01839521188344717,0.0018875383401596778,1.703272819519043,9.189071932741463e-05,optimal
2,2,5,20,0.0,0.0,0.18278899730820394,0.3028146845747045,0.10522356029581743,0.06961428024535432,0.01833934663881556,60.00451397895813,0.09736656189095812,time_limit
2,2,5,20,0.25,0.25,0.14857877994649227,0.3089012457107537,0.09954356983180992,0.037026745888436574,0.011123358224794811,60.001980781555176,0.07205569752095504,time_limit
2,2,5,20,0.5,0.0,0.17123669465225483,0.3045796015077735,0.10097704884616063,0.05983224992761982,0.01182596446388339,60.003413915634155,0.041804268166650574,time_limit
2,2,5,20,0.0,0.5,0.14021594617719854,0.31226953433737126,0.09982808516809802,0.027847996725675284,0.01013898166834448,60.00338888168335,0.028202310935896903,time_limit
2,2,10,5,0.0,0.0,0.02525305202649833,0.031875882121187166,6.885782065355435e-07,0.022065119525276344,0.00010160718610038196,43.54073786735535,9.874340263952903e-05,optimal
2,2,10,5,0.25,0.25,0.010009076993596495,0.03871805923114407,6.421658310047962e-08,0.006137238962190539,8.43708310515919e-05,21.02351403236389,9.282843709126326e-05,optimal
2,2,10,5,0.5,0.0,0.025278520294732088,0.03187459963104703,1.5594058068084876e-06,0.02209028062872398,5.0799505689913805e-05,26.266901969909668,9.142245199282192e-05,optimal
2,2,10,5,0.0,0.5,0.00765160662956162,0.04084232514836171,2.2804404794913725e-07,0.003567260092701474,8.976744846071524e-05,24.865295886993408,9.590787926668565e-05,optimal
2,2,10,10,0.0,0.0,0.13133532926918712,0.2453372662197234,0.016335582472264513,0.09863381141108252,0.006019037419616744,60.00254201889038,0.6858328362427589,time_limit
2,2,10,10,0.25,0.25,0.06727224454198868,0.2679998796250254,0.0038913013383123423,0.03852660591032997,0.003964164392957068,60.004059076309204,0.01313871778717376,time_limit
2,2,10,10,0.5,0.0,0.12455700305536258,0.24597827423255933,0.005623246236347453,0.09714755251393292,0.003033170794280057,60.00352501869202,0.017689495334391073,time_limit
2,2,10,10,0.0,0.5,0.05442876825874418,0.2794473963270421,0.005014014127614345,0.023977021562232803,0.004191991147196035,60.00142192840576,0.02133963066448257,time_limit
2,2,10,20,0.0,0.0,0.10632814065917585,0.24588157629402804,0.04453140223241128,0.059474281913567406,0.006045774956083594,60.002132177352905,0.9670848766022289,time_limit
2,2,10,20,0.25,0.25,0.09797813757538514,0.4621059838929955,0.04195598955575599,0.03078954440820758,0.011134134161152257,60.00243806838989,0.985497822268957,time_limit
2,2,10,20,0.5,0.0,0.031152036410594903,0.29562971344067285,0.0031781301330552347,0.0,0.004372371501236376,60.001168966293335,0.9793318076297449,time_limit
2,2,10,20,0.0,0.5,0.031713145998712326,0.29559932905266584,0.004306426186891485,0.0,0.004368948166819311,60.00412392616272,0.9738276253755909,time_limit
2,2,20,5,0.0,0.0,0.23973614691197329,0.45852731769713195,0.15185072196089847,0.14088442004666746,0.01051236505372633,60.00356197357178,1.0,time_limit
2,2,20,5,0.25,0.25,0.03778078986458702,0.6669274315458211,0.008868836574591935,0.0,0.011129637006481001,60.00306677818298,1.0,time_limit
2,2,20,5,0.5,0.0,0.11682579030322446,0.578497634572672,0.003886612927189253,0.08595760211099623,0.008370264270165868,60.002228021621704,1.0,time_limit
2,2,20,5,0.0,0.5,0.16745529850608173,0.5783685145432857,0.24312219994574022,0.01697577280604734,0.008506841896556443,60.00364398956299,1.0,time_limit
2,2,20,10,0.0,0.0,0.20186385457790684,0.7149126614367551,0.006904024017252321,0.16266620949744293,0.025555005674129223,60.00368905067444,1.000000000000005,time_limit
2,2,20,10,0.25,0.25,0.12294032326941375,0.7881796971722992,0.16706267682159756,0.0,0.01901942312421513,60.00321698188782,1.0000000000000058,time_limit
2,2,20,10,0.5,0.0,0.11456757563768899,0.9447275628853594,0.13466239498684204,0.0,0.026846244357780834,60.00178408622742,1.0000000000000042,time_limit
2,2,20,10,0.0,0.5,0.040511525025584,0.4977664821113234,3.7981355158964777e-07,0.015623011013242039,0.0063163260043970024,60.00180697441101,1.0,time_limit
2,2,20,20,0.0,0.0,0.15766176198728973,0.9808539978084849,0.13847259729099956,0.03938276345136571,0.04810372825084437,60.00516200065613,1.0000000000000047,time_limit
2,2,20,20,0.25,0.25,0.09768654889548292,1.1154963736831134,0.0838234604226545,0.0,0.03198660055715795,60.00331401824951,1.0000000000000036,time_limit
2,2,20,20,0.5,0.0,0.25754905677252554,1.207153971415905,0.03823782165744464,0.17807244737300798,0.03679605051890642,60.00325679779053,1.000000000000003,time_limit
2,2,20,20,0.0,0.5,0.20499570746398746,0.97973318830069,0.31201809609790593,0.0,0.023996928006445886,60.00502300262451,1.0,time_limit
2,4,5,5,0.0,0.0,0.032484105869247284,0.06368552738534838,0.03225919901939998,0.011682200637327611,0.0008111692796699918,60.003365993499756,0.009361266551294916,time_limit
2,4,5,5,0.25,0.25,0.027011896806637542,0.06482907420174751,0.029666142054862073,0.006629546452572521,0.0004862736067534762,60.001587867736816,0.01121322232108423,time_limit
2,4,5,5,0.5,0.0,0.033332222646676804,0.06535275460013314,0.025985536190686057,0.013765287678978666,0.0005115042647722041,60.0019850730896,0.006680034162505555,time_limit
2,4,5,5,0.0,0.5,0.02567651808102635,0.06488961316523494,0.0337241263271291,0.004267563866197088,0.0004301722403494187,60.00279188156128,0.012843095568306552,time_limit
2,4,5,10,0.0,0.0,0.3161515552802835,0.4487297554854415,0.10636692657220145,0.19981387254014482,0.04027167869160482,8.713205099105835,9.896215762409725e-05,optimal
2,4,5,10,0.25,0.25,0.18370361338892294,0.47333464488539345,0.09445280705554829,0.06542348264795717,0.024032209922867084,7.60900616645813,9.977898024531959e-05,optimal
2,4,5,10,0.5,0.0,0.3065513548658627,0.44885870587863896,0.10552909539675746,0.19039733984094553,0.021539462531211893,10.121348857879639,9.925069247790843e-05,optimal
2,4,5,10,0.0,0.5,0.15978529646845374,0.4830775691707403,0.09220946529969103,0.040117416309382925,0.02414109732926131,6.658665895462036,9.908132899362601e-05,optimal
2,4,5,20,0.0,0.0,0.08512110635614387,0.09903755542312379,0.06587723157565492,0.04884428737760538,0.0019616874768376633,60.00294804573059,0.004346446236639162,time_limit
2,4,5,20,0.25,0.25,0.050384952485531556,0.10769381272927606,0.048163941325919106,0.016805204608196567,0.0013753847832505873,60.001635789871216,0.017346877315661625,time_limit
2,4,5,20,0.5,0.0,0.06626940293777867,0.10306944935793931,0.05137632200897153,0.03281143256394792,0.0013922719469910733,60.003891944885254,0.0015190800298608964,time_limit
2,4,5,20,0.0,0.5,0.04637315181384378,0.10978725391963716,0.048695301025753764,0.012241875773477906,0.0012802558735481213,60.00276708602905,0.004943321645657393,time_limit
2,4,10,5,0.0,0.0,0.0955185240832772,0.16697809031849076,0.07641821210331454,0.059716162025599484,0.002788168264641006,60.00124406814575,0.1326205168054395,time_limit
2,4,10,5,0.25,0.25,0.05796582120841665,0.1793699852174191,0.073876728965141,0.021559640445389494,0.0020659947965402823,60.00181603431702,0.49424460621564215,time_limit
2,4,10,5,0.5,0.0,0.09266216939641159,0.16831802390796205,0.07319427685817227,0.057531797791072314,0.0020862231292129107,60.0024299621582,0.6271798186883304,time_limit
2,4,10,5,0.0,0.5,0.05113024207429426,0.18379130654928108,0.08105570739410958,0.01248718457083875,0.0017669271074076875,60.00170111656189,0.9994330007780298,time_limit
2,4,10,10,0.0,0.0,0.16112627092813792,0.25646718585054945,0.043846443150299,0.12451794155550822,0.006577541741810027,60.00229811668396,0.5157072820091505,time_limit
2,4,10,10,0.25,0.25,0.06109381465292705,0.27957838990041994,0.021562762804073498,0.02774528496186668,0.004129713560603405,60.00300693511963,0.5110385337475012,time_limit
2,4,10,10,0.5,0.0,0.14152466353083032,0.2579727901400217,0.03470922016884733,0.10705007947461631,0.0034780892682225745,60.00224804878235,0.9996314474025335,time_limit
2,4,10,10,0.0,0.5,0.050577670655193405,0.285568707841834,0.021330773999196046,0.016688106371210987,0.004216720792051164,60.00251078605652,0.6027258323050344,time_limit
2,4,10,20,0.0,0.0,0.22249825637507764,0.7463396199178323,0.16732919311872335,0.10603199610361358,0.05570228282590944,60.00231385231018,0.9989366120885308,time_limit
2,4,10,20,0.25,0.25,nan,nan,nan,nan,nan,60.004393100738525,,time_limit
2,4,10,20,0.5,0.0,0.1694837253148541,0.7526083353972347,0.1374099139310772,0.05987041329236131,0.030681150881288085,60.003644943237305,0.9551490617519804,time_limit
2,4,10,20,0.0,0.5,0.12920410159096057,0.7571045163221771,0.14002454740535084,0.01848751310740515,0.02883125650222013,60.00410318374634,0.9537510708506253,time_limit
2,4,20,5,0.0,0.0,0.2527909053195274,0.6789466386852657,0.11274047069327804,0.19065845571194462,0.02304842690910104,60.00464105606079,1.0000000000000095,time_limit
2,4,20,5,0.25,0.25,0.061592077175278974,0.7022418763069156,0.03191195305367783,0.018501995096513735,0.012477820573345547,60.00392007827759,1.0000000000000089,time_limit
2,4,20,5,0.5,0.0,0.1689060443816458,0.6859639137855467,0.041560838153951875,0.12421763915388051,0.011979575183906995,60.003660917282104,1.0000000000000093,time_limit
2,4,20,5,0.0,0.5,0.05305558686397768,0.7046077523731237,0.03203472546895435,0.009816517878082909,0.012459984129232991,60.002976179122925,1.0,time_limit
2,4,20,10,0.0,0.0,0.1705629666503983,0.23788364413153015,0.1416879638031826,0.12324679349302614,0.002829431407264824,60.00221490859985,1.0,time_limit
2,4,20,10,0.25,0.25,0.051611134793201854,0.4180437364195054,0.01600796386547516,0.02670695700585779,0.004563345458812604,60.00578212738037,1.0,time_limit
2,4,20,10,0.5,0.0,0.06000843749879885,0.35948382093075776,0.16813698580904382,0.0,0.006764471187393253,60.00361704826355,1.0,time_limit
2,4,20,10,0.0,0.5,0.05795498223410879,0.2762570790557186,0.13991837005422458,0.00916253576776671,0.0019499253740577413,60.0032160282135,1.0,time_limit
2,4,20,20,0.0,0.0,0.11769549995983458,0.7071399007304826,0.09788173971143152,0.057868069995452576,0.025002341960255844,60.006428956985474,1.0000000000000089,time_limit
2,4,20,20,0.25,0.25,0.07318499371306772,0.6178837233715934,0.07889024915125889,0.022568245256673336,0.010060818276876665,60.006070137023926,1.000000000000011,time_limit
2,4,20,20,0.5,0.0,0.11667814020691818,0.8539822205965082,0.20634693244836025,0.022392296065002704,0.0235545228937296,60.0056049823761,1.0000000000000047,time_limit
2,4,20,20,0.0,0.5,0.07121813576998207,0.6501514011181245,0.0745599551670662,0.02007057692230929,0.010768835138393681,60.00495505332947,1.0,time_limit
2,8,5,5,0.0,0.0,0.060284023860764965,0.08613443380259139,0.03480149014727252,0.03870695083183762,0.0014838281372986,60.00286912918091,0.0015461388973166744,time_limit
2,8,5,5,0.25,0.25,0.036483606386527256,0.09069838973888047,0.012624864515922176,0.016765820374260887,0.0008978738234544999,60.00287103652954,0.0019163247458532382,time_limit
2,8,5,5,0.5,0.0,0.0505280453733853,0.08719193945672964,0.01910669215491165,0.030701320962675416,0.0007830600359415109,60.00259017944336,0.005423754200979987,time_limit
2,8,5,5,0.0,0.5,0.031795699652394566,0.09347413388125529,0.010870080926846519,0.011742112760287693,0.0009426799765227395,26.910311937332153,9.978803523359013e-05,optimal
2,8,5,10,0.0,0.0,0.1395322820071175,0.23945709525353714,0.12627246885833743,0.0758568043491179,0.011467940093452313,60.00179886817932,0.23908206490949047,time_limit
2,8,5,10,0.25,0.25,0.1019870325847095,0.2474508293755186,0.11816580328572028,0.037726141298890736,0.006915355388506655,60.00190210342407,0.2742688189545579,time_limit
2,8,5,10,0.5,0.0,0.13813132965228406,0.24112202116144335,0.11328796808403074,0.07574592940949154,0.006616118140935977,60.002716064453125,0.2012386405988947,time_limit
2,8,5,10,0.0,0.5,0.09145424726802769,0.2523742198872881,0.12807782733808648,0.024969674873309256,0.006681017018011109,60.00317311286926,0.12619821477973878,time_limit
2,8,5,20,0.0,0.0,0.3776371703738569,0.6682628167661507,0.38760248102329964,0.1955342968927143,0.089315038454446,60.00139594078064,0.18939057833910958,time_limit
2,8,5,20,0.25,0.25,0.22341332528905183,0.6955120222495249,0.35919193047202425,0.03941192953014383,0.05279386119781648,60.00258708000183,0.21164347030406,time_limit
2,8,5,20,0.5,0.0,0.262531767409824,0.6915603161080831,0.3724963521396612,0.07765766017074971,0.05649766285388584,60.00147485733032,0.2737518926292491,time_limit
2,8,5,20,0.0,0.5,0.21715645909237166,0.6994855327000747,0.35990128541795396,0.032271691875112474,0.04944873209391184,60.00244498252869,0.2069514047667657,time_limit
2,8,10,5,0.0,0.0,0.19598631520516505,0.380127180498289,0.07355531514421318,0.1487791827623095,0.014449667335357878,60.001699924468994,0.796839838777044,time_limit
2,8,10,5,0.25,0.25,0.07818719806632485,0.40095540383016215,1.8601342905561884e-07,0.038091634431629995,0.008401004946449736,60.002862215042114,0.9813549273561455,time_limit
2,8,10,5,0.5,0.0,0.16129868171339146,0.38228944737614784,0.030967511840342563,0.11919879799573385,0.0073671977531068866,60.00225901603699,0.763267250362944,time_limit
2,8,10,5,0.0,0.5,0.07255733638660722,0.4243270885789698,0.0268577176900269,0.02676741281745687,0.00936092109956532,60.00170302391052,0.8259059838433289,time_limit
2,8,10,10,0.0,0.0,0.25689419704470773,0.7968575630168934,0.23039349708967932,0.14840925360680846,0.06349819757372221,60.003669023513794,0.9998545842521257,time_limit
2,8,10,10,0.25,0.25,0.13850874233727492,0.7452346131903201,0.056057887681689456,0.05697804505803172,0.02867855855110923,60.00360608100891,0.9975949790127713,time_limit
2,8,10,10,0.5,0.0,0.20771154173665235,0.8351725797576056,0.04288960743073536,0.11883308283204985,0.03499063180054637,60.002299070358276,0.9999999999999984,time_limit
2,8,10,10,0.0,0.5,0.11673919065309943,0.7547264930464114,0.05486091223968948,0.034408927318497096,0.029072591104911553,60.00277400016785,0.9839909388578532,time_limit
2,8,10,20,0.0,0.0,0.08089227424896046,0.5886475729670334,0.17622013561805697,0.0,0.03465059651599789,60.00494694709778,0.9999985823289339,time_limit
2,8,10,20,0.25,0.25,0.08039187131618303,0.42136806935288473,0.07409797827243025,0.02899281709684076,0.009259276803813514,60.00341320037842,0.9999531340113811,time_limit
2,8,10,20,0.5,0.0,0.057564717866813386,0.43081597042183123,0.040676189048580245,0.009398597193557734,0.009383529540744949,60.00648307800293,0.9999990918917975,time_limit
2,8,10,20,0.0,0.5,0.0619800378009289,0.39372958244687317,0.0902572812575353,0.011324919399049671,0.007815276104386941,60.00584602355957,0.9998902629774303,time_limit
2,8,20,5,0.0,0.0,0.39401749556723126,0.8520325299410355,0.16279305399298535,0.3310667373210563,0.036297971603886085,60.00605797767639,1.0000000000000049,time_limit
2,8,20,5,0.25,0.25,0.10954651140112102,1.2075318365788148,0.39335935657744225,0.0,0.04128869039025449,60.00430202484131,1.0000000000000027,time_limit
2,8,20,5,0.5,0.0,0.08089425589064206,0.3047182508186526,0.12430660387053025,0.05012001786589315,0.00328708854491354,60.00887894630432,1.0000000000000338,time_limit
2,8,20,5,0.0,0.5,0.14215901054395544,1.5547072195735743,0.1503028580579511,0.04563579230803283,0.0614691762346458,60.00621485710144,1.0,time_limit
2,8,20,10,0.0,0.0,0.10958664678265576,0.3824916211447855,0.1056310809955079,0.077258180600978,0.0073149920122983075,60.004257917404175,1.0000000000000304,time_limit
2,8,20,10,0.25,0.25,0.12296238410859026,0.8076310552239205,0.2374857246575449,0.05289511576520112,0.018768654771259816,60.00992202758789,1.000000000000006,time_limit
2,8,20,10,0.5,0.0,0.0946264289635041,0.8872655195714771,0.2920779317233944,0.013753411519505931,0.025012847442999576,60.01811599731445,1.0000000000000044,time_limit
2,8,20,10,0.0,0.5,0.04253132820701499,0.3988707460202438,0.08314596682904861,0.01219454505237172,0.0040518002652858084,60.007779121398926,1.0,time_limit
2,8,20,20,0.0,0.0,0.036159943401020356,0.08410282497428531,0.06083408700438684,0.02435054127675773,0.0003536642584327635,60.00732493400574,1.000000000000628,time_limit
2,8,20,20,0.25,0.25,0.01836243825413747,0.09097543766472616,0.05997654972376024,0.006316597655431133,0.00032930018659132034,60.007970094680786,1.000000000000337,time_limit
2,8,20,20,0.5,0.0,0.14535312570627668,0.6722134102547765,0.1541283331016749,0.09247641355582847,0.012781493164702716,60.011420011520386,1.0000000000000087,time_limit
2,8,20,20,0.0,0.5,0.015891563030890146,0.09240324573968452,0.06074883724641863,0.003677796088103591,0.00022022208761354815,60.0094940662384,1.0,time_limit
3,2,5,5,0.0,0.0,0.015524269301899828,0.016255179478935983,0.002429770497401217,0.011058348157412023,5.28461719784843e-05,2.33725905418396,7.659946078080082e-05,optimal
3,2,5,5,0.25,0.25,0.008790268258438864,0.01843333428776867,0.0008310510591535135,0.0046880758713083726,3.955962587311377e-05,9.140878915786743,7.032100710737409e-05,optimal
3,2,5,5,0.5,0.0,0.014677744417269191,0.01632075267339221,0.0020053421623308894,0.010410922801425304,2.7642046079609384e-05,6.542175054550171,7.499547041750104e-05,optimal
3,2,5,5,0.0,0.5,0.0071640285477401165,0.01962359279212812,0.0004781564189350164,0.0030002317798469846,4.3009234773528175e-05,3.646195888519287,2.428287658904117e-05,optimal
3,2,5,10,0.0,0.0,0.356491682016712,0.47575937775040655,0.11482249121192756,0.2039285608606669,0.04526939710349081,2.666782855987549,9.193409001382858e-05,optimal
3,2,5,10,0.25,0.25,0.21415196723765603,0.5004325651441193,0.10141538949134563,0.06335775946315936,0.027332461799930374,1.758059024810791,8.183583508589137e-05,optimal
3,2,5,10,0.5,0.0,0.33403887356315676,0.4763382965183256,0.11276811695754957,0.18238715578071685,0.025868979323535924,3.842041015625,9.450714726921014e-05,optimal
3,2,5,10,0.0,0.5,0.19134607031088036,0.5090693088907744,0.09918241227916845,0.039941002393141245,0.026712797961537523,2.3611650466918945,7.507358893391501e-05,optimal
3,2,5,20,0.0,0.0,0.11924190699668025,0.175012477134463,0.0076078765936948714,0.0804354732729402,0.006125873430548187,60.007137060165405,0.00021808811408507753,time_limit
3,2,5,20,0.25,0.25,0.0740823556325739,0.18610434698714706,0.0027751910518671453,0.03547389070921092,0.0037790447379352993,60.00181984901428,0.00014358416881356855,time_limit
3,2,5,20,0.5,0.0,0.11818592876326327,0.17503338815343708,0.007176878073847035,0.07959081209565233,0.0030765455915688937,60.00252389907837,0.00014206043932978333,time_limit
3,2,5,20,0.0,0.5,0.06217285094861728,0.1928686624198653,0.0014961368378391723,0.02285105004572463,0.003980917338458902,60.00110197067261,0.00014350721652314346,time_limit
3,2,10,5,0.0,0.0,0.06587683956487908,0.10239266291028122,0.01847311767583275,0.046401014435934584,0.001048425741785848,60.00261092185974,0.9490404034261241,time_limit
3,2,10,5,0.25,0.25,0.03730610162797304,0.09258591644645416,0.016677915008805916,0.019708552478924668,0.0005604834625452407,60.00250005722046,0.5554951851120334,time_limit
3,2,10,5,0.5,0.0,0.06558584991524058,0.0751838598007034,0.016540655625493624,0.049797136122423424,0.0003510289608568847,60.00219202041626,0.6165091130312208,time_limit
3,2,10,5,0.0,0.5,0.03259267184997152,0.10057918923138237,0.01926864762656491,0.012900429113550826,0.000589019200978986,60.002511978149414,1.0,time_limit
3,2,10,10,0.0,0.0,0.037466600120275056,0.0595463859863836,0.004549660150812781,0.029237131446230302,0.00035457720840393817,60.0024790763855,0.9999999999996477,time_limit
3,2,10,10,0.25,0.25,0.017196148110297297,0.06619082096161369,2.6012631474584663e-08,0.010577053007820192,0.0002470297515612641,60.002235889434814,0.1886444690975877,time_limit
3,2,10,10,0.5,0.0,0.0345965690590394,0.059724886787953534,0.003218686990162121,0.027014736885162982,0.00018094309157685307,60.00135517120361,0.9999999999996932,time_limit
3,2,10,10,0.0,0.5,0.01394302789206223,0.06943031682815219,2.5976710192773287e-07,0.006999866325696047,0.0002655275090316864,60.00325298309326,0.08460059013341413,time_limit
3,2,10,20,0.0,0.0,0.07297305312815972,0.1696025716843566,0.030929571980422076,0.04054800996951302,0.0028765032321947325,60.002387046813965,0.7586331089825396,time_limit
3,2,10,20,0.25,0.25,0.057062091863431946,0.183653559108947,0.029665778738732305,0.02386384658317109,0.0019388095856273841,60.00266098976135,0.7360360535115756,time_limit
3,2,10,20,0.5,0.0,0.06927976027794241,0.17526214196919307,0.02221021222233263,0.04064843996985679,0.0016591643021217429,60.00215792655945,0.7157744541894356,time_limit
3,2,10,20,0.0,0.5,0.05071212337277982,0.18340716499703508,0.03177108094647315,0.016485866399839733,0.001817801304089165,60.0038628578186,0.7173358960004101,time_limit
3,2,20,5,0.0,0.0,0.242001857925379,0.38126554324298256,0.10558792681283051,0.17014461735681463,0.00726817072321833,60.00248718261719,0.9999999999999847,time_limit
3,2,20,5,0.25,0.25,0.08534349690195239,0.42640186655264073,0.09186688432439151,0.0180899614121246,0.005682216025396331,60.00696802139282,1.0,time_limit
3,2,20,5,0.5,0.0,0.24504074105718446,0.3302288504576317,0.058602902765435,0.19922784715158537,0.003584852394997979,60.002856969833374,0.9999947509223146,time_limit
3,2,20,5,0.0,0.5,0.07866924058400547,0.4298768447119847,0.09127750742613472,0.011536644635338877,0.004686399625209341,60.040497064590454,1.0,time_limit
3,2,20,10,0.0,0.0,0.03354736159484237,0.10299017320362835,0.010399856931460148,0.023197924468930875,0.0005303487888256685,60.00145506858826,1.000000000000157,time_limit
3,2,20,10,0.25,0.25,0.016916423547471856,0.10842888034641136,0.009531249108535452,0.006729354975883561,0.0003165971956233918,60.003113985061646,1.0000000000003506,time_limit
3,2,20,10,0.5,0.0,0.032311476331739454,0.10313282186319564,0.010111596751168515,0.022099036862995414,0.00029147057085120154,60.00307607650757,1.0000000000003808,time_limit
3,2,20,10,0.0,0.5,0.014310478325752954,0.11024434835814306,0.009487263027380234,0.004054629394155684,0.0003120654183847657,60.00149893760681,1.0,time_limit
3,2,20,20,0.0,0.0,0.15875574348017019,0.8659249377347593,0.23091899318686446,0.0,0.037491299889547344,60.001753091812134,1.000000000000006,time_limit
3,2,20,20,0.25,0.25,0.026239889596571586,0.3397072419139671,0.010823357323266645,0.0038428488392399096,0.002903360259988565,60.00339984893799,1.0000000000000382,time_limit
3,2,20,20,0.5,0.0,0.03223276213694267,0.365875555862746,0.02050668759692356,0.0036856405453435936,0.003451754118496289,60.00298094749451,1.0000000000000322,time_limit
3,2,20,20,0.0,0.5,0.15447892893148074,0.8634036995933405,0.2226174879036274,0.0,0.018636648711786687,60.00179195404053,1.0,time_limit
3,4,5,5,0.0,0.0,0.027412763159048437,0.028314354122059758,0.027896463928788223,0.01477577635243943,0.0001603405298698805,2.012789011001587,1.4657764866267789e-05,optimal
3,4,5,5,0.25,0.25,0.019521627547882683,0.030677434527193927,0.02766949093354433,0.006468767909057815,0.00015242178401493432,2.809791088104248,0.0,optimal
3,4,5,5,0.5,0.0,0.02691526828080518,0.028327939556660946,0.027883266774116417,0.014278863675943887,0.00017743178670215167,3.322382926940918,4.380516720655035e-05,optimal
3,4,5,5,0.0,0.5,0.01751575708324235,0.03202026339285743,0.027607159353083156,0.004209914566400075,0.00011139141710299031,2.4594008922576904,9.344779217763852e-05,optimal
3,4,5,10,0.0,0.0,0.01326306379768502,0.027575036527901706,0.012178422183403537,0.0047034509462537955,0.00015207652790302269,3.8762218952178955,9.390816918272547e-05,optimal
3,4,5,10,0.25,0.25,0.010650741393400021,0.027828656913726626,0.012146397173025325,0.0020484107173983634,8.771334644678344e-05,5.262170791625977,9.172939839897661e-05,optimal
3,4,5,10,0.5,0.0,0.013197595975491016,0.027570825587195643,0.012176880551865783,0.0046392107200854404,9.45495948527571e-05,3.1356921195983887,2.0553314622275645e-05,optimal
3,4,5,10,0.0,0.5,0.009978819289002716,0.027978233550682158,0.012138269271787981,0.001348605260919289,7.918752333654127e-05,4.427251100540161,8.738645395354837e-05,optimal
3,4,5,20,0.0,0.0,0.1997953358400532,0.36404121253290456,0.22426739092515852,0.07092024560218269,0.026505200884485478,60.00149202346802,0.0026992806515941125,time_limit
3,4,5,20,0.25,0.25,0.16043103002002462,0.36938853615836775,0.21801532293640874,0.032049492054248896,0.01687224911444768,60.001988887786865,0.005677727006679722,time_limit
3,4,5,20,0.5,0.0,0.18391255322870803,0.36568900299517954,0.21992877153512874,0.055792559745889925,0.0194189277597797,60.00317907333374,0.006524254006903906,time_limit
3,4,5,20,0.0,0.5,0.1524328355790395,0.3715887615009993,0.21862780586933045,0.02345813181150702,0.014082962741427674,60.00282382965088,0.0012799556801463318,time_limit
3,4,10,5,0.0,0.0,0.14495987217014852,0.455416281688767,0.022070661397686053,0.09390057865185031,0.020740398962722242,60.00238513946533,0.8861790411727947,time_limit
3,4,10,5,0.25,0.25,0.08962279101784691,0.4667511953622037,0.0241433462671814,0.03691183491483119,0.011269886130858305,60.00244998931885,0.8136803877558728,time_limit
3,4,10,5,0.5,0.0,0.0981670807589046,0.45916827535833776,0.046806539683553756,0.04054861830218237,0.010815631774421026,60.00265693664551,0.8673698059555062,time_limit
3,4,10,5,0.0,0.5,0.07048678024827441,0.46317464485331045,0.04555743573921286,0.012779956828140149,0.010808201230014077,60.00246715545654,0.8704216922703146,time_limit
3,4,10,10,0.0,0.0,0.19104255107303691,0.29707076730848814,3.431107820093812e-07,0.1613353885644926,0.00882510407892539,60.00295400619507,0.0034506688353068233,time_limit
3,4,10,10,0.25,0.25,0.06880573962876843,0.3326454410469374,1.8595822274817906e-06,0.035540730628517814,0.005848435356083918,60.00264286994934,0.000998643491608487,time_limit
3,4,10,10,0.5,0.0,0.19112859501570156,0.29707044729597165,1.1913224021050718e-06,0.16142125245550387,0.0044125425330088395,60.00301480293274,0.000563899957183183,time_limit
3,4,10,10,0.0,0.5,0.054193454227531204,0.3413378432145179,1.5116388784206896e-06,0.020059291996359807,0.006026763758214552,60.00407695770264,0.0021331474827086996,time_limit
3,4,10,20,0.0,0.0,0.1208720947262483,0.5025419026060131,0.030051360772789755,0.06310506427244955,0.025254836387487153,60.00518989562988,0.9103421984765085,time_limit
3,4,10,20,0.25,0.25,0.0748036582388777,0.5255386736318465,0.016848258991209945,0.018037726127890563,0.0139086262545419,60.003345012664795,0.9188276792890924,time_limit
3,4,10,20,0.5,0.0,0.11819657622138441,0.5027070097012273,0.02747775776919856,0.06105643580896203,0.012730095276640334,60.004034996032715,0.9108562141888337,time_limit
3,4,10,20,0.0,0.5,0.07726707082413217,0.511076394763839,0.02412041299596729,0.02012932809875645,0.013262548989093867,60.004966020584106,0.9151892228189318,time_limit
3,4,20,5,0.0,0.0,0.156511811212683,0.6805204621842673,0.07487674029986417,0.1037666030285036,0.023155404972574442,60.00372886657715,1.0000000000000095,time_limit
3,4,20,5,0.25,0.25,0.10936048792551258,0.7142269476691065,0.2565250969738149,0.009517866298603517,0.01688847110022681,60.0046820640564,1.0000000000000067,time_limit
3,4,20,5,0.5,0.0,0.15921603285544522,0.6305191435314431,0.019934400320425913,0.12270647559876657,0.00998853229850749,60.00328993797302,1.000000000000011,time_limit
3,4,20,5,0.0,0.5,0.13227372387228176,1.09424249592799,0.22750283553874615,0.02068589019119571,0.030148119023869033,60.00345587730408,1.0,time_limit
3,4,20,10,0.0,0.0,0.03941579798742946,0.13796178505100373,0.005467445939621208,0.031150847249973967,0.000951672706722968,60.003358125686646,1.0000000000002334,time_limit
3,4,20,10,0.25,0.25,0.017493985016498216,0.1185096370776311,0.024716134171120882,0.00538946961983644,0.00039655540322538395,60.005746841430664,1.00000000000028,time_limit
3,4,20,10,0.5,0.0,0.031427656546733046,0.11703499573633722,0.02604438663142536,0.019064810102059848,0.0004272185150510078,60.00416707992554,1.0000000000002598,time_limit
3,4,20,10,0.0,0.5,0.04560887637646746,0.3534198263721174,0.05446852671119037,0.014320753380064,0.0032251813305087472,60.00607514381409,1.0,time_limit
3,4,20,20,0.0,0.0,0.1733415434788307,0.7355384722642287,0.3831539677260277,0.04077612793411234,0.027050842209039784,60.0065062046051,1.0000000000000129,time_limit
3,4,20,20,0.25,0.25,0.09920454100867353,1.1417437829825088,0.16846940743819233,0.0,0.03436334297714123,60.005106925964355,1.0000000000000064,time_limit
3,4,20,20,0.5,0.0,0.12130763889972171,0.961156694992683,0.2929992166003502,0.0,0.0338266224242838,60.008347034454346,1.0000000000000067,time_limit
3,4,20,20,0.0,0.5,0.06391880706132497,0.6452259870692444,0.055151585593400186,0.0178696113095127,0.010567575863913551,60.0052490234375,1.000000000000021,time_limit
3,8,5,5,0.0,0.0,0.12220606337923354,0.22663797240724196,0.019546407239823076,0.07443516799280725,0.010272954107373153,60.00131607055664,0.005255708831508811,time_limit
3,8,5,5,0.25,0.25,0.08790721165262497,0.23363035190782544,0.010303277622544068,0.03989323156824187,0.005859499037302003,47.7942419052124,9.970413659450171e-05,optimal
3,8,5,5,0.5,0.0,0.11982929609289945,0.22672965994637354,0.014469376765654058,0.07267469200791798,0.005153719048938972,60.0024139881134,0.0029140225601723656,time_limit
3,8,5,5,0.0,0.5,0.07736303340148765,0.23957823177874069,0.010184900162351015,0.02817427452544563,0.0061366677867403865,60.00112700462341,0.00012933675447407054,time_limit
3,8,5,10,0.0,0.0,0.03116818399511645,0.04083264221091956,0.03078425101540722,0.019153624176006634,0.000333460933984994,60.00253891944885,0.00010570655080315601,time_limit
3,8,5,10,0.25,0.25,0.021799508362392965,0.043585226474301575,0.029551275855889462,0.009388553585546466,0.0002392933658110001,60.00166606903076,0.0021409032530292,time_limit
3,8,5,10,0.5,0.0,0.030033247657496782,0.04097670491663552,0.030012543715536254,0.018086338709727645,0.0002242060833498131,60.002044916152954,0.003930473139269347,time_limit
3,8,5,10,0.0,0.5,0.01916708840401367,0.04547723036722801,0.029433487764070523,0.006392456360059251,0.00022724959734502358,60.003071784973145,0.0011386819758751525,time_limit
3,8,5,20,0.0,0.0,0.18842640290033266,0.3169818083047321,0.155888909364225,0.10554392756885811,0.020095493359227588,60.00361180305481,0.005171204519326414,time_limit
3,8,5,20,0.25,0.25,0.12818493387243196,0.3266304556162374,0.14486748521533743,0.0447504070972673,0.01182522607096912,60.002305030822754,0.0002949255772505725,time_limit
3,8,5,20,0.5,0.0,0.17286741850154444,0.3174960874408536,0.1514397219664001,0.0904382357675737,0.011513750890853802,60.0031259059906,0.0044864667587712305,time_limit
3,8,5,20,0.0,0.5,0.11488714916365708,0.33250866166212717,0.14289463234908323,0.03052358778759623,0.011522045713747443,60.00279092788696,0.00010866875578498593,time_limit
3,8,10,5,0.0,0.0,0.43060174929022427,0.6854376133582969,0.4551525280243531,0.30516392195135045,0.04698247218063181,60.001214027404785,0.9360064656449334,time_limit
3,8,10,5,0.25,0.25,0.14856154606781952,0.8266137879483849,0.06608841603962053,0.05763911526802845,0.035131574583996204,60.002131938934326,0.9640434973183153,time_limit
3,8,10,5,0.5,0.0,0.24228133598136636,0.8092511597134976,0.06376693597503805,0.15338535301313683,0.03299851085760983,60.00312304496765,0.9618740028892673,time_limit
3,8,10,5,0.0,0.5,0.12980855097041638,0.8244465700737136,0.07155393023595773,0.0384196526835503,0.03472364220147786,60.00397610664368,0.9624639298826311,time_limit
3,8,10,10,0.0,0.0,0.21163847281742418,0.5245012619187994,0.25844022622574836,0.1268833183473257,0.027510157375441303,60.005194902420044,0.905626769909509,time_limit
3,8,10,10,0.25,0.25,0.08487260362552948,0.635058330045422,0.17093416496789823,0.0,0.021078031901543778,60.00293016433716,0.9996494169029149,time_limit
3,8,10,10,0.5,0.0,0.17053370540383866,0.6761142892331884,0.06707737125546875,0.09453760507358622,0.02313773746367398,60.00245714187622,0.9996117458222978,time_limit
3,8,10,10,0.0,0.5,0.11167205369173494,0.5438815249149846,0.2182272792780009,0.030005491290486352,0.01524052041098418,60.002723932266235,0.9999965717215124,time_limit
3,8,10,20,0.0,0.0,0.07126340433257897,0.42955086825756744,0.22646654005457778,0.0,0.018451394842083007,60.00604510307312,0.9988607420179616,time_limit
3,8,10,20,0.25,0.25,0.06985622721759342,0.4313928437794763,0.21373554271716635,0.0,0.010732579352600984,60.00651693344116,0.9998585195400869,time_limit
3,8,10,20,0.5,0.0,0.0692046268824476,0.4349678664496367,0.2056627218998715,0.0,0.012103424440891443,60.00347900390625,0.9997624524427889,time_limit
3,8,10,20,0.0,0.5,0.07126340545902644,0.4295508684018652,0.22646654895071935,0.0,0.009225697427239825,60.00501298904419,0.9994558856362882,time_limit
3,8,20,5,0.0,0.0,0.14270549741424,0.29904351166473037,0.09406633610693821,0.11599502981763621,0.004471351093438687,60.005136013031006,1.0,time_limit
3,8,20,5,0.25,0.25,0.04795318901752778,0.41484378337438377,0.03994658575670048,0.022217676629221028,0.00447565695736002,60.00531601905823,1.0000000000000249,time_limit
3,8,20,5,0.5,0.0,0.11061241413249062,0.4620528482976046,0.06682556325745156,0.07915657631042894,0.005616424359540461,60.00727391242981,1.0000000000000198,time_limit
3,8,20,5,0.0,0.5,0.03915871072189856,0.42013856476691225,0.04238800106962399,0.012853282349849948,0.0044955137736925055,60.00652003288269,1.0,time_limit
3,8,20,10,0.0,0.0,0.17305418433577477,0.6847856921438309,0.2559530736419496,0.10682076552333952,0.02344657220824528,60.00647187232971,1.0000000000000095,time_limit
3,8,20,10,0.25,0.25,0.2265449530892062,1.3397926893400114,0.33926348274782836,0.11714738327872709,0.05190385457268006,60.00660800933838,1.0000000000000022,time_limit
3,8,20,10,0.5,0.0,0.12060381814929522,0.5951703901625778,0.3003224003289768,0.05330499860004423,0.014492791341866765,60.004014015197754,1.0000000000000075,time_limit
3,8,20,10,0.0,0.5,0.05176470423815219,0.4684000095201991,0.13768304943045145,0.011134322583335798,0.005546950792657957,60.006219148635864,1.0,time_limit
3,8,20,20,0.0,0.0,0.44807532546500795,1.1493243944486347,0.31674042060891544,0.35101655316646174,0.06604732818373604,60.00723600387573,1.0000000000000033,time_limit
3,8,20,20,0.25,0.25,0.06657014973392751,0.60546224420404,0.08361559571129205,0.025845088059814003,0.009550091868312021,60.005784034729004,1.0000000000000115,time_limit
3,8,20,20,0.5,0.0,0.08227996873894139,1.202531676424343,0.17722707934179385,0.0,0.03811515067334993,60.007999897003174,1.0000000000000029,time_limit
3,8,20,20,0.0,0.5,0.0724527196785621,0.7137596355601556,0.07725759637004327,0.02710753835429891,0.013103729751689048,60.00962495803833,1.0,time_limit
4,2,5,5,0.0,0.0,0.0343099205863312,0.03865895116583921,6.143592128289749e-07,0.026577823173556947,0.00029890290104854814,7.214379072189331,9.706369706511889e-05,optimal
4,2,5,5,0.25,0.25,0.020244899579678618,0.04390543359081938,5.501679289423006e-07,0.01146353777755027,0.00022562188451195122,0.9545879364013672,3.917260273269725e-05,optimal
4,2,5,5,0.5,0.0,0.03430847623591356,0.03865855582262634,2.220446049250313e-16,0.026576765071388175,0.0001494483938291117,3.2059290409088135,7.696112391975712e-05,optimal
4,2,5,5,0.0,0.5,0.016696342059180906,0.046882469309816856,1.3867289471208572e-07,0.007319778860770176,0.00024658617414388093,2.283980131149292,8.091402856345171e-05,optimal
4,2,5,10,0.0,0.0,0.10151675354288425,0.18722843741712883,0.06480369873163191,0.03166921669364253,0.007010897555531945,10.284902811050415,9.797509632097987e-05,optimal
4,2,5,10,0.25,0.25,0.0735022128034792,0.19148551765076682,0.04753653037105279,0.011436844087799436,0.003981835912635125,18.202769994735718,9.97073395781415e-05,optimal
4,2,5,10,0.5,0.0,0.07707391010969605,0.193601510892167,0.0413473100084605,0.017679952927032394,0.004175554513206921,14.902562141418457,9.936860638008308e-05,optimal
4,2,5,10,0.0,0.5,0.07722033741098557,0.1901540159084232,0.05798932446538083,0.01019487199661051,0.0036678226841237237,28.637094020843506,9.994022701613065e-05,optimal
4,2,5,20,0.0,0.0,0.08885707138216906,0.18348365233573152,0.07740819875238114,0.013456241538832181,0.006733250134891919,0.6455669403076172,1.6262955589698965e-05,optimal
4,2,5,20,0.25,0.25,0.07938056974830879,0.1839257645379563,0.07670483164145842,0.004243001019988313,0.0041228233501441405,0.5845260620117188,7.84241714928957e-05,optimal
4,2,5,20,0.5,0.0,0.08101194629045505,0.18378611002412323,0.07682696709829488,0.0058412407364829555,0.004853329142160535,1.3082609176635742,9.228994542952328e-05,optimal
4,2,5,20,0.0,0.5,0.07897846620803853,0.18396441740512529,0.07667430040293159,0.0038484325255476737,0.003391695903572563,0.38907408714294434,1.7556728232941552e-05,optimal
4,2,10,5,0.0,0.0,0.003390806703683342,0.006008213282609115,0.0003132321534280859,0.002633369298708388,3.60986268493206e-06,41.7871880531311,9.302851069375969e-05,optimal
4,2,10,5,0.25,0.25,0.0015780963581038408,0.006629177166642346,1.6773227188724417e-06,0.0009143399800801699,2.4063042468063018e-06,16.76331901550293,7.348760336140387e-05,optimal
4,2,10,5,0.5,0.0,0.0032554418092988553,0.006018141021888081,0.00018140193550789956,0.0025629267393560973,1.8191277335181087e-06,34.34577798843384,9.494362812628478e-05,optimal
4,2,10,5,0.0,0.5,0.0012504427444417813,0.0068987956092070955,1.5650172274465348e-07,0.0005604849326596995,2.5367407227500294e-06,10.623672008514404,0.0,optimal
4,2,10,10,0.0,0.0,0.11340512957474794,0.22570057072795757,0.006483854280328403,0.08759314536178797,0.005094074762692578,60.002630949020386,0.5941073268635103,time_limit
4,2,10,10,0.25,0.25,0.058566553317283956,0.24366942221853322,3.2281534296057012e-09,0.03419960948135392,0.0032611426883849704,60.001163959503174,0.3147031266273216,time_limit
4,2,10,10,0.5,0.0,0.10325857285539601,0.24636188052681757,0.004976531958174773,0.07613411882362686,0.0030409002764181805,60.00339102745056,1.0,time_limit
4,2,10,10,0.0,0.5,0.04415771034131839,0.2650387270921395,0.0018077795594781162,0.016749947852365388,0.0036525567194595596,60.001954078674316,0.9999834140258813,time_limit
4,2,10,20,0.0,0.0,0.18271436002327676,0.46352742431556104,0.006045796421227603,0.13333871938110686,0.021485767309261817,60.001436948776245,0.7207690133225462,time_limit
4,2,10,20,0.25,0.25,0.10407089510500757,0.49308748221969756,1.783722567208302e-08,0.05476213796442497,0.012906486194696747,60.00348496437073,0.7372337242383927,time_limit
4,2,10,20,0.5,0.0,0.18256887991706533,0.4714633635898306,0.004189174540146116,0.1333279562880092,0.011118272456203794,60.00111699104309,0.8744567587282195,time_limit
4,2,10,20,0.0,0.5,0.06465853835917863,0.5826911452038922,0.012778847677578826,0.0,0.01697644853495117,60.00236201286316,0.9904576633227918,time_limit
4,2,20,5,0.0,0.0,0.026891072922408027,0.3652114649813464,0.012256701371972049,0.00250214898735468,0.006668970707691059,60.0012001991272,1.0000000000000333,time_limit
4,2,20,5,0.25,0.25,0.0169505328275857,0.20971366457230362,0.012929699197941038,0.0,0.0011203926678772715,60.00351095199585,1.000000000000099,time_limit
4,2,20,5,0.5,0.0,0.01684151114407116,0.20980638305885796,0.012702383982256524,0.0,0.0011408055990141776,60.004055976867676,1.0000000000000973,time_limit
4,2,20,5,0.0,0.5,0.01707054355337659,0.20967668758387206,0.013173418348365974,0.0,0.0010991078329036174,60.00194478034973,1.0,time_limit
4,2,20,10,0.0,0.0,0.13393797749901065,0.8438000289846816,0.04830181564859476,0.06759706822547917,0.03559992444572748,60.004003047943115,1.0000000000000062,time_limit
4,2,20,10,0.25,0.25,0.13961732817036915,1.119130860756544,0.035399586266160514,0.0659609919994617,0.03255570154230726,60.00227999687195,1.0000000000000033,time_limit
4,2,20,10,0.5,0.0,0.10908570779021669,0.3517311715391266,0.0011784418973340696,0.09090992826459332,0.0030932176071335107,60.002527952194214,1.000000000000036,time_limit
4,2,20,10,0.0,0.5,0.03688871446934408,0.38656502678805926,0.0032251407231301404,0.01594789276837605,0.003862980640267135,60.00121808052063,1.0,time_limit
4,2,20,20,0.0,0.0,0.27257024693446713,0.6787506900398961,0.39078638223806333,0.043239521313440665,0.023035124961481756,60.00256299972534,1.0,time_limit
4,2,20,20,0.25,0.25,0.06977015374897994,0.8013992589363907,2.4412092821087225e-05,0.029687984755749852,0.016276363489803103,60.005204916000366,1.0,time_limit
4,2,20,20,0.5,0.0,0.031653260053213436,0.5568464090923637,0.007621879197190493,0.0,0.007766471343600643,60.003418922424316,1.0,time_limit
4,2,20,20,0.0,0.5,0.15616172671942663,0.812834068308333,0.23017981125627046,0.0004301176758747527,0.016517573065674446,60.00232291221619,1.0,time_limit
4,4,5,5,0.0,0.0,0.2782242827639419,0.4167181714642209,5.46847949406408e-07,0.19488051175911036,0.03473080688569676,4.2779319286346436,9.56809519603272e-05,optimal
4,4,5,5,0.25,0.25,0.15421673940221264,0.4414630863982856,6.515395965442269e-07,0.06592395923765637,0.02057545776564859,4.484254837036133,9.783477283635707e-05,optimal
4,4,5,5,0.5,0.0,0.27772414242413457,0.4167176304368475,3.5777848185441274e-07,0.19438052689214458,0.017365358351706103,5.413527965545654,9.684362618844847e-05,optimal
4,4,5,5,0.0,0.5,0.1300555681482731,0.45215516384688637,3.0442637941303876e-07,0.03962445927230096,0.021229478105651584,3.382657051086426,9.672450671524227e-05,optimal
4,4,5,10,0.0,0.0,0.17691321453821834,0.6085093307713966,0.22084539353575608,0.0,0.07405672112717059,60.00121998786926,0.0011859456162519784,time_limit
4,4,5,10,0.25,0.25,0.17545232309492018,0.6092125269574415,0.21443927081372743,0.0,0.039988002854382344,60.0029718875885,0.007476575689949437,time_limit
4,4,5,10,0.5,0.0,0.17431219880716825,0.6112218586000513,0.208271308348632,0.0,0.04278133327820648,60.00323987007141,0.0009824577280594926,time_limit
4,4,5,10,0.0,0.5,0.17690923192429986,0.6085086895416245,0.22082997606389979,0.0,0.03702828252476652,60.00120711326599,0.00037916432071416077,time_limit
4,4,5,20,0.0,0.0,0.05183372599817456,0.07307870554775002,0.03376336295443343,0.0287771441500162,0.00106809944090695,60.00202798843384,0.1329877762872894,time_limit
4,4,5,20,0.25,0.25,0.040536438498450254,0.0766376801842482,0.03157657269461707,0.017314759287946346,0.0007246011211483442,60.00328993797302,0.1441289772204351,time_limit
4,4,5,20,0.5,0.0,0.050330843987529086,0.073652057957118,0.031497617063127765,0.027726028130323543,0.0006664750492137966,60.002562046051025,0.15880552866861428,time_limit
4,4,5,20,0.0,0.5,0.036642596172665465,0.07975011167989812,0.032325799345559535,0.012611124000295959,0.0007155282555710427,60.00285315513611,0.11727211506140084,time_limit
4,4,10,5,0.0,0.0,0.056729106523397146,0.13615793337864968,0.0059098572257553815,0.04163584887909333,0.0018538982821944803,60.002541065216064,0.01318074257380434,time_limit
4,4,10,5,0.25,0.25,0.030918269577505465,0.1435649025021751,0.00014600312278148384,0.01652527854659258,0.0010988166015905617,60.00520610809326,0.026600096413476368,time_limit
4,4,10,5,0.5,0.0,0.05548249675072893,0.1362129293894562,0.004365652903146356,0.040769790585996724,0.0009300804723016928,60.0032000541687,0.016137429407729918,time_limit
4,4,10,5,0.0,0.5,0.025086193407701556,0.14754366445468742,1.848915522409711e-08,0.010331822339944008,0.0011418299224679525,60.003018856048584,0.012154106804358135,time_limit
4,4,10,10,0.0,0.0,0.04134792144993173,0.2397797601333091,0.06947975796820162,5.9445504074773226e-09,0.005749433336958725,60.00155305862427,0.5047704020470717,time_limit
4,4,10,10,0.25,0.25,0.03345897492317483,0.24249930340891115,0.03683617832913485,0.0,0.0030251021098088465,60.00380992889404,0.9893700105545725,time_limit
4,4,10,10,0.5,0.0,0.031659491571495266,0.24438056279804388,0.02888574116676351,0.0,0.0030903912290185906,60.002690076828,0.8921572854861485,time_limit
4,4,10,10,0.0,0.5,0.04154639741633844,0.23984214363511852,0.07024873221130636,0.0,0.0028762126931744414,60.00357985496521,0.6464311038371299,time_limit
4,4,10,20,0.0,0.0,0.09207584174524083,0.31848759379273206,0.060587724762700426,0.045080151175292515,0.010143434739988431,60.00538516044617,0.9993521253099906,time_limit
4,4,10,20,0.25,0.25,0.10224980148708221,0.4228069375855122,0.14340150378606636,0.024118731782014402,0.010368963084721725,60.004112005233765,0.9992118651404825,time_limit
4,4,10,20,0.5,0.0,0.10553658147805065,0.32080790566256934,0.052488905672667126,0.06033356449362692,0.005490271269119468,60.003838777542114,0.9999174789293801,time_limit
4,4,10,20,0.0,0.5,0.06915535900302469,0.31488559401110167,0.06955610979221695,0.020277772153860285,0.005163240887548153,60.00302600860596,0.9992565362998302,time_limit
4,4,20,5,0.0,0.0,0.05732032108672369,0.11379841134709885,0.00928137125581733,0.04931005770541441,0.0006475039212561758,60.00402092933655,1.0000000000003428,time_limit
4,4,20,5,0.25,0.25,0.01561346028514686,0.12833121290554725,3.899495536450959e-07,0.009196802152481087,0.0004328677976126964,60.00253081321716,1.0000000000002565,time_limit
4,4,20,5,0.5,0.0,0.04582987208498147,0.11491352015731073,0.004087806271005878,0.03906224450936446,0.00033221669788727583,60.00332999229431,1.0000000000003342,time_limit
4,4,20,5,0.0,0.5,0.011694095104835024,0.13139046344642916,8.548798756836063e-07,0.005124358212544644,0.0004447158706619228,60.00330710411072,1.0,time_limit
4,4,20,10,0.0,0.0,0.19024708056555983,0.5820419337570926,0.2808155365513352,0.09094109973987141,0.016938640632584788,60.00398087501526,1.000000000000013,time_limit
4,4,20,10,0.25,0.25,0.10306051722211662,0.6166670998452748,0.24649618872180115,0.01060311504940259,0.013332587503875636,60.004714012145996,1.0000000000000084,time_limit
4,4,20,10,0.5,0.0,0.09878739238014841,0.635505973015321,0.23306962143435872,0.008744688370792675,0.01688687709789816,60.00595784187317,1.0000000000000067,time_limit
4,4,20,10,0.0,0.5,0.06098919423602203,0.5328520131576485,0.10028115347005108,0.009276305210626834,0.007141306617334322,60.00362992286682,1.0,time_limit
4,4,20,20,0.0,0.0,0.14770133859238518,0.48046832199990175,0.06885555839331846,0.10646403289406048,0.011542490422270063,60.00535202026367,1.0000000000000198,time_limit
4,4,20,20,0.25,0.25,0.08897147764635382,0.7489215213416337,0.12491701151197455,0.020296148701278494,0.015100335776560453,60.00304698944092,1.0000000000000073,time_limit
4,4,20,20,0.5,0.0,0.10344547545161221,0.5409691398641989,0.03699956839917584,0.06714712635860831,0.0074873112648509415,60.005009174346924,1.0000000000000298,time_limit
4,4,20,20,0.0,0.5,0.06394287267444948,0.65772437198345,0.003316948203226732,0.030227417024470293,0.011271882107511212,60.00601100921631,1.0000000000000198,time_limit
4,8,5,5,0.0,0.0,0.10127499864205955,0.11999141438043365,9.33121054124248e-07,0.07727659912584106,0.0028795879050033876,0.4955921173095703,7.931382097255631e-05,optimal
4,8,5,5,0.25,0.25,0.05820973872475704,0.13421682657724793,1.215118979503908e-06,0.03136622151943502,0.0020473756167944126,0.5392658710479736,4.111053014876044e-05,optimal
4,8,5,5,0.5,0.0,0.10135630587083233,0.11999140460694421,9.612133279449228e-07,0.07735790479777749,0.001439793718012485,0.8295211791992188,9.20669222189623e-05,optimal
4,8,5,5,0.0,0.5,0.048008926692902285,0.1417387094615643,1.146939133869013e-06,0.01966104143319769,0.002202264451101932,0.5215649604797363,8.957676185376666e-05,optimal
4,8,5,10,0.0,0.0,0.2650103620954096,0.3373444176244875,0.1834097281089365,0.17461526255689508,0.02276025122048093,60.00321388244629,0.0012112470752892448,time_limit
4,8,5,10,0.25,0.25,0.1526888674707011,0.36246276481395673,0.14980984307518141,0.06147008412351207,0.01478391180701476,60.002849102020264,0.000755204680915822,time_limit
4,8,5,10,0.5,0.0,0.2272627409468762,0.3500847492908642,0.10852173989074254,0.14368057360236053,0.012991993670411848,60.001708030700684,0.0005154416078590589,time_limit
4,8,5,10,0.0,0.5,0.1314160395427372,0.3735252505190343,0.15310481796848102,0.03757288719287022,0.014657972203534809,60.00209307670593,0.0008889755506648223,time_limit
4,8,5,20,0.0,0.0,0.07357880520607274,0.12061691914938905,0.0602392201856705,0.04192551885298612,0.002909688237018051,60.00189805030823,0.19512387109049792,time_limit
4,8,5,20,0.25,0.25,0.049607024250946416,0.1371994349980436,0.057623614019400304,0.014964185498912652,0.002042115236185232,60.002618074417114,0.4252843668939567,time_limit
4,8,5,20,0.5,0.0,0.07294376553958967,0.120645827019094,0.060048788820290015,0.04130850153323462,0.001680907622636102,60.00271701812744,0.3507993717684794,time_limit
4,8,5,20,0.0,0.5,0.05093395328990619,0.12920480139140667,0.05877740469384416,0.01774581742489434,0.0018268450882981263,60.003257036209106,0.47964211483539104,time_limit
4,8,10,5,0.0,0.0,0.03284117462569541,0.04785002354132857,0.008752977344662533,0.02696205010347974,0.00022896247529056985,60.00220513343811,0.2564509160875638,time_limit
4,8,10,5,0.25,0.25,0.012485408228073154,0.05381905894039514,4.0569798803570695e-08,0.007103497262808789,0.00015743947360222075,60.003243923187256,0.10377093422749241,time_limit
4,8,10,5,0.5,0.0,0.02974572623847882,0.048080665940367265,0.005593429732911054,0.02423848092782821,0.00011754292537452297,60.00246787071228,0.12738541349750568,time_limit
4,8,10,5,0.0,0.5,0.009927404321210432,0.05580524342472341,1.530741602054683e-08,0.004346878065311088,0.0001651589341419731,60.00153112411499,0.297448161323535,time_limit
4,8,10,10,0.0,0.0,0.1943698619894643,0.5210678312903753,0.2215848157342028,0.11456497689365142,0.027151168480565497,60.00523900985718,0.9142990789440499,time_limit
4,8,10,10,0.25,0.25,0.11237049069561847,0.5349162756726324,0.19784827053166865,0.03414782931189664,0.01582153772791423,60.003814935684204,0.9310517442166185,time_limit
4,8,10,10,0.5,0.0,0.22902926624411243,0.6727414103295069,0.04666350591806343,0.1559221869714038,0.022765142932642018,60.003647804260254,0.9530884619983354,time_limit
4,8,10,10,0.0,0.5,0.10415989089305241,0.5407857671582876,0.2007681756519467,0.024985292220730315,0.01493459471172653,60.004194021224976,0.9977988530341015,time_limit
4,8,10,20,0.0,0.0,0.10719345826918919,0.5550647485691409,0.35931814060559847,0.006772215836575279,0.03080968751041236,60.00504112243652,0.9999998534568111,time_limit
4,8,10,20,0.25,0.25,0.13063079776573278,0.6651079940303432,0.1299789593040944,0.04787262844968665,0.02321933338300427,60.00262212753296,0.9999754724504601,time_limit
4,8,10,20,0.5,0.0,0.20316965032573953,0.5986576100463918,0.09092183500740042,0.13193865994517529,0.01843622045839245,60.00432991981506,0.999957929559659,time_limit
4,8,10,20,0.0,0.5,0.11596009591219487,0.7325394027915647,0.06472480667833146,0.03461555479824696,0.027429817149106334,60.00418305397034,0.9999679176003373,time_limit
4,8,20,5,0.0,0.0,0.04271566995856255,0.2214827724833607,0.01177665053045547,0.030169450018087574,0.0024527309253458062,60.00928807258606,1.0,time_limit
4,8,20,5,0.25,0.25,0.02562132047800625,0.27477866664216377,0.01409702655404472,0.01012025882664247,0.0019193979931477379,60.004913091659546,1.0,time_limit
4,8,20,5,0.5,0.0,0.07392099963639318,0.9,0.23136799709114542,0.0,0.02359569687987302,60.00328493118286,1.0,time_limit
4,8,20,5,0.0,0.5,0.050081258367665735,0.29190087626981787,0.06292311719914476,0.02762082490428175,0.0025116080233736834,60.003823041915894,1.0,time_limit
4,8,20,10,0.0,0.0,0.13397452089622933,0.48622735120312244,0.11986909304943226,0.09467951670489416,0.01182085185290023,60.006279945373535,1.0000000000000189,time_limit
4,8,20,10,0.25,0.25,0.06803815728985936,0.9973954733930124,0.1453470689616699,0.0,0.02553012358536392,60.004162073135376,1.0000000000000044,time_limit
4,8,20,10,0.5,0.0,0.08299737149707714,1.090837919659779,0.22764380411270554,0.0,0.032987040521123355,60.00720000267029,1.0000000000000033,time_limit
4,8,20,10,0.0,0.5,0.08985898238835588,0.7989080894988537,0.3246452734455277,0.00933291873272224,0.015999905072703515,60.00654697418213,1.0,time_limit
4,8,20,20,0.0,0.0,0.12248252176738628,0.7162410128527713,0.18848562496018156,0.06310976800472501,0.02565005942461819,60.005934953689575,1.0000000000000082,time_limit
4,8,20,20,0.25,0.25,0.08240827545097008,0.902226971567715,0.20951264135576053,0.011107846703114266,0.021752919610447098,60.00871801376343,1.000000000000005,time_limit
4,8,20,20,0.5,0.0,0.22038454900355647,1.3718456738019653,0.18328527068480369,0.12888160647785774,0.049148606971354314,60.006529092788696,1.0,time_limit
4,8,20,20,0.0,0.5,0.09827141809873166,1.1502687848668387,0.21506376173146918,0.013875008638956077,0.0331742148683414,60.00728487968445,1.0,time_limit
